"block";"j_offset";"j_string";"e_string";"pointer"
1;"24120";"はい";;"00024298"
1;"24128";"いいえ";;"000242A0"
1;"24130";"「$ci$e0$cr」へ進みますか？";;"000242A8"
1;"24150";"進む";;"000242B0"
1;"24158";"埠頭方面";;"000242B8"
1;"24168";"出玉町方面";;"000242C0"
1;"24178";"やめておく";;"000242C8"
1;"24190";"事件「$cc$e1$cr」の証言入手";;"000242D0"
1;"241B0";"$ci$e0$cr";;"000242D8"
1;"241C0";"盆踊りのポーズ";;"000242E0"
1;"241D0";"シャドウボクシングのポーズ";;"000242E8"
1;"241F0";"マリンちゃんのポーズ";;"000242F0"
1;"24210";"ラジオ体操のポーズ";;"000242F8"
1;"24228";"セクシーポーズ";;"00024300"
1;"24240";"ボーリングのポーズ";;"00024308"
1;"24260";"ヒーローのポーズ";;"00024310"
1;"24280";"魔女ッ子のポーズ";;"00024318"
2;"24320";"エレベータに乗って、屋上まで行きますか？";;"0002D800"
2;"24350";"エレベータに乗って、１Ｆまで行きますか？";;"0002D808"
2;"24380";"エレベータに乗って、４Ｆまで行きますか？";;"0002D810"
2;"243B0";"エレベータに乗って、１Ｆまで行きますか？";;"0002D818"
2;"243E0";"エレベータに乗って、２Ｆまで行きますか？";;"0002D820"
2;"24410";"エレベータに乗って、１Ｆまで行きますか？";;"0002D828"
2;"24440";"エレベータに乗って、Ｂ１Ｆまで行きますか？";;"0002D830"
2;"24470";"エレベータに乗って、１Ｆまで行きますか？";;"0002D838"
2;"244A0";"地下へ続くハシゴがある…";;"0002D840"
2;"244C0";"ハシゴをおりてみる";;"0002D848"
2;"244D8";"やめておく";;"0002D850"
2;"244F0";"地上へ続くハシゴある…";;"0002D858"
2;"24508";"ハシゴをのぼる";;"0002D860"
2;"24518";"やめておく";;"0002D868"
2;"24530";"汗っかきの作業員";;"0002D870"
2;"24550";"おい、ここは立ち入り禁止だ！
出て行ってくれよ";;"0002D878"
2;"24580";"謎の男";;"0002D880"
2;"24590";"おい、誰にも見つからなかっただろうな？";;"0002D888"
2;"245C0";"ひっ　助けてください！";;"0002D890"
2;"245D8";"何のことだ…？";;"0002D898"
2;"245E8";"当たり前だ…";;"0002D8A0"
2;"245F8";"謎の男";;"0002D8A8"
2;"24600";"例のブツは持ってきたか？";;"0002D8B0"
2;"24620";"なっ　何も持っていません　どうか命だけは…";;"0002D8B8"
2;"24650";"何のことだ…？";;"0002D8C0"
2;"24660";"もちろんだ…";;"0002D8C8"
2;"24670";"謎の男";;"0002D8D0"
2;"24680";"おお、これは…　まさしく
「$ci$e0$cr」だ！";;"0002D8D8"
2;"246B0";"謎の男";;"0002D8E0"
2;"246C0";"これは、報酬だ
受け取ってくれ！";;"0002D8E8"
2;"246E0";"謎の男は、闇の中に消えていった…";;"0002D8F0"
2;"24708";"謎の男";;"0002D8F8"
2;"24710";"ん？　何だ…　人違いか…";;"0002D900"
2;"24730";"謎の男";;"0002D908"
2;"24740";"次は$ciラジオ$crが必要だ…
入手したらまたここに来てくれ…";;"0002D910"
2;"24780";"持っていないと言う";;"0002D918"
2;"24798";"謎の男";;"0002D920"
2;"247A0";"次は$ciラジオ$crが必要だ…
入手したのか？";;"0002D928"
2;"247D0";"$ciラジオ$crを渡しますか？";;"0002D930"
2;"247F0";"はい";;"0002D938"
2;"247F8";"いいえ";;"0002D940"
2;"24800";"謎の男";;"0002D948"
2;"24810";"これで任務は終了だ…";;"0002D950"
2;"24828";"謎の男";;"0002D958"
2;"24830";"何？　まだ入手してきてないのか？";;"0002D960"
2;"24858";"警官";;"0002D968"
2;"24860";"おはようございます
どうされました？";;"0002D970"
2;"24888";"警官";;"0002D978"
2;"24890";"こんにちは
どうされました？";;"0002D980"
2;"248B0";"警官";;"0002D988"
2;"248C0";"こんばんは
どうされました？";;"0002D990"
2;"248E0";"クラブ女豹について聞く";;"0002D998"
2;"24900";"パチパラビルについて聞く";;"0002D9A0"
2;"24920";"出玉町について聞く";;"0002D9A8"
2;"24938";"岩田の死因は？";;"0002D9B0"
2;"24950";"どうして推定死亡時刻が分かった？";;"0002D9B8"
2;"24978";"何も聞かない";;"0002D9C0"
2;"24988";"$p";;"0002D9C8"
2;"24990";"クラブ女豹はどこにある？";;"0002D9D0"
2;"249B0";"$p";;"0002D9D8"
2;"249C0";"クラブ女豹ってどこにあるの？";;"0002D9E0"
2;"249E0";"警官";;"0002D9E8"
2;"249F0";"ああ、クラブ女豹ね　そこなら
パチパラビルの裏手にあるよ";;"0002D9F0"
2;"24A28";"警官";;"0002D9F8"
2;"24A30";"でもあそこは高いよ？
私の給料ではとても…";;"0002DA00"
2;"24A60";"$p";;"0002DA08"
2;"24A70";"パチパラビルはどこにある？";;"0002DA10"
2;"24A90";"$p";;"0002DA18"
2;"24AA0";"パチパラビルってどこ？";;"0002DA20"
2;"24AB8";"警官";;"0002DA28"
2;"24AC0";"この交番の西隣がパチパラビルです";;"0002DA30"
2;"24AE8";"$p";;"0002DA38"
2;"24AF0";"出玉町について聞きたいんだが";;"0002DA40"
2;"24B10";"$p";;"0002DA48"
2;"24B20";"出玉町について教えてくれない？";;"0002DA50"
2;"24B40";"警官";;"0002DA58"
2;"24B50";"出玉町はこの辺りでは
一番栄えている町でしょうね";;"0002DA60"
2;"24B80";"警官";;"0002DA68"
2;"24B90";"高速道路建設の際の再開発計画のおかげで
ここまで発展したんですよ";;"0002DA70"
2;"24BD0";"$p";;"0002DA78"
2;"24BD8";"岩田の死因は？";;"0002DA80"
2;"24BE8";"警官";;"0002DA88"
2;"24BF0";"岩田の死因は、鋭利な刃物で刺された際の
外傷性ショック死とみている";;"0002DA90"
2;"24C38";"警官";;"0002DA98"
2;"24C40";"凶器は今のところ見つかっていない";;"0002DAA0"
2;"24C68";"$p";;"0002DAA8"
2;"24C70";"どうして推定死亡時刻が分かったんだ？";;"0002DAB0"
2;"24C98";"$p";;"0002DAB8"
2;"24CA0";"どうして推定死亡時刻が分かったの？";;"0002DAC0"
2;"24CC8";"警官";;"0002DAC8"
2;"24CD0";"解剖の結果、岩田の胃から
寿司と思われる残留物が見つかった";;"0002DAD0"
2;"24D10";"警官";;"0002DAD8"
2;"24D20";"この消化の程度を見て、推定死亡時刻が
８：３０～９：００だと割り出されている";;"0002DAE0"
2;"24D70";"警官";;"0002DAE8"
2;"24D80";"あと…　岩田のカフスボタンが
ひとつありません";;"0002DAF0"
2;"24DB0";"警官";;"0002DAF8"
2;"24DC0";"ひとつは榎本さんの右手に
握られていましたが…";;"0002DB00"
2;"24DF0";"警官";;"0002DB08"
2;"24E00";"現場周辺には、
同じタイプのものは見つかっていません";;"0002DB10"
2;"24E38";"警官";;"0002DB18"
2;"24E40";"何か新しい情報が入ったら報告してください
捜査のご協力を頼みます";;"0002DB20"
2;"24E80";"三上 孝夫";;"0002DB28"
2;"24E90";"やあ　あなたですか";;"0002DB30"
2;"24EB0";"パチンコ屋殺人事件について聞く";;"0002DB38"
2;"24ED0";"柳田の他殺疑惑について聞く";;"0002DB40"
2;"24EF0";"静香殺害事件について聞く";;"0002DB48"
2;"24F10";"岩田殺害事件について聞く";;"0002DB50"
2;"24F30";"何も聞かない";;"0002DB58"
2;"24F40";"$p";;"0002DB60"
2;"24F50";"パチンコ屋殺人事件について、何か情報は？";;"0002DB68"
2;"24F80";"$p";;"0002DB70"
2;"24F90";"パチンコ屋殺人事件の
新しい情報はありませんか？";;"0002DB78"
2;"24FC0";"三上 孝夫";;"0002DB80"
2;"24FD0";"そうだ　パチンコ屋殺人事件の被害者、
新川に関する新たな情報が入ったよ";;"0002DB88"
2;"25018";"三上 孝夫";;"0002DB90"
2;"25030";"あの新川という男、岩田の手下だったらしい";;"0002DB98"
2;"25060";"三上 孝夫";;"0002DBA0"
2;"25070";"新川は岩田の命令でパチパラ町に
立ち退き工作をしていたらしい";;"0002DBA8"
2;"250B0";"三上 孝夫";;"0002DBB0"
2;"250C0";"つまり、岩田もパチンコ屋殺人事件の関係者
だったということが言えるわけだ…！";;"0002DBB8"
2;"25110";"三上 孝夫";;"0002DBC0"
2;"25120";"岩田は、あの新川という男を使って…";;"0002DBC8"
2;"25148";"三上 孝夫";;"0002DBD0"
2;"25160";"強引にパチパラ町の住人を
立ち退かせようとしていたらしい";;"0002DBD8"
2;"25198";"三上 孝夫";;"0002DBE0"
2;"251B0";"新川は巧みに警察の手が及ばないように
脅迫や嫌がらせを続けていたようだ";;"0002DBE8"
2;"251F8";"三上 孝夫";;"0002DBF0"
2;"25210";"…となると　新川を殺す動機がパチパラ町の
誰かにあってもおかしくはないが…";;"0002DBF8"
2;"25260";"$p";;"0002DC00"
2;"25270";"柳田の他殺について、何か進展は？";;"0002DC08"
2;"25298";"$p";;"0002DC10"
2;"252A0";"柳田さんの他殺について、
何か進展はありましたか？";;"0002DC18"
2;"252D8";"三上 孝夫";;"0002DC20"
2;"252F0";"現在は自殺と他殺の
両方の線で捜査をしている";;"0002DC28"
2;"25320";"三上 孝夫";;"0002DC30"
2;"25330";"銀玉仮面…という線も、一応残してはいるが
正直あまり進展はしていないね";;"0002DC38"
2;"25378";"三上 孝夫";;"0002DC40"
2;"25390";"そうだ　あなたにも聞いておこう
このカギに見覚えはあるかね？";;"0002DC48"
2;"253D0";"（小さな真鍮製のカギを見せられた）";;"0002DC50"
2;"253F8";"三上 孝夫";;"0002DC58"
2;"25410";"柳田さんの部屋で見つかったものなのだ
南京錠のカギらしい";;"0002DC60"
2;"25448";"三上 孝夫";;"0002DC68"
2;"25460";"ただ、彼の部屋からは
それらしき南京錠は見つからなかった";;"0002DC70"
2;"25498";"三上 孝夫";;"0002DC78"
2;"254B0";"この世界のどこかに
このカギに合う南京錠があるのだろうが…";;"0002DC80"
2;"254F0";"三上 孝夫";;"0002DC88"
2;"25500";"警察も人手が足りなくてね…
私が調べようと思っていたんだが…";;"0002DC90"
2;"25540";"三上 孝夫";;"0002DC98"
2;"25550";"もしよかったら　あなたの方で
調べておいてもらえると助かるのだが…";;"0002DCA0"
2;"25598";"カギを預かる";;"0002DCA8"
2;"255A8";"断る";;"0002DCB0"
2;"255B0";"協力費の話をする";;"0002DCB8"
2;"255C8";"$p";;"0002DCC0"
2;"255D0";"ああ、分かった調べておくよ";;"0002DCC8"
2;"255F0";"$p";;"0002DCD0"
2;"25600";"うん　分かったわ";;"0002DCD8"
2;"25618";"三上 孝夫";;"0002DCE0"
2;"25630";"ありがとう　助かるよ";;"0002DCE8"
2;"25648";"$p";;"0002DCF0"
2;"25650";"悪いが、他を当ってくれ";;"0002DCF8"
2;"25668";"$p";;"0002DD00"
2;"25670";"あんまり　気が進まないな…";;"0002DD08"
2;"25690";"三上 孝夫";;"0002DD10"
2;"256A0";"そうか…
気が変わったら、また言ってください";;"0002DD18"
2;"256D0";"$p";;"0002DD20"
2;"256E0";"それは…　もちろん
タダというわけじゃないんだろう？";;"0002DD28"
2;"25718";"$p";;"0002DD30"
2;"25720";"えーっと…　まさか
タダでやれって言うことはないですよね？";;"0002DD38"
2;"25760";"三上 孝夫";;"0002DD40"
2;"25770";"う…っ　まあ、そうだな…　分かったよ";;"0002DD48"
2;"25798";"三上 孝夫";;"0002DD50"
2;"257B0";"それでは　よろしく頼んだよ";;"0002DD58"
2;"257D0";"$p";;"0002DD60"
2;"257E0";"静香殺害事件で、何か分かったことは…？";;"0002DD68"
2;"25808";"三上 孝夫";;"0002DD70"
2;"25820";"静香の部屋から、岩田の指紋が見つかったよ";;"0002DD78"
2;"25850";"三上 孝夫";;"0002DD80"
2;"25860";"やはり、
静香を殺した犯人は岩田に間違いないね";;"0002DD88"
2;"25890";"$p";;"0002DD90"
2;"258A0";"岩田殺害事件で何か情報は？";;"0002DD98"
2;"258C0";"$p";;"0002DDA0"
2;"258D0";"岩田殺害事件で何か情報はない？";;"0002DDA8"
2;"258F0";"三上 孝夫";;"0002DDB0"
2;"25900";"岩田…　「食通の渡会」はここ最近
「えの鮨」によく顔を出していたらしい";;"0002DDB8"
2;"25948";"三上 孝夫";;"0002DDC0"
2;"25960";"えの鮨の女将さんに一度話を聞いてみるといいだろう";;"0002DDC8"
2;"259A0";"ビアホールのポスターだ
キレイな女性がセクシーなポーズをしている";;"0002DDD0"
2;"259E0";"何もしない";;"0002DDD8"
2;"259F0";"ポーズをマネしてみる";;"0002DDE0"
2;"25A08";"$p";;"0002DDE8"
2;"25A10";"こんな感じかな…";;"0002DDF0"
2;"25A28";"$p";;"0002DDF8"
2;"25A30";"頑丈な扉が閉まっている
これ以上進めないようだ";;"0002DE00"
2;"25A60";"$p";;"0002DE08"
2;"25A70";"ここがシルバームーンの入り口か…？";;"0002DE10"
2;"25A98";"$p";;"0002DE18"
2;"25AA0";"ここがシルバームーンの入り口…？";;"0002DE20"
2;"25AC8";"$p";;"0002DE28"
2;"25AD0";"どうしますか？";;"0002DE30"
2;"25AE0";"力ずくで開けてみる";;"0002DE38"
2;"25B00";"「開けてください」と大声で叫ぶ";;"0002DE40"
2;"25B20";"ポーズをとってみる";;"0002DE48"
2;"25B38";"何もしない";;"0002DE50"
2;"25B50";"どんなポーズをしますか？";;"0002DE58"
2;"25B70";"$e1";;"0002DE60"
2;"25B78";"$e2";;"0002DE68"
2;"25B80";"$e3";;"0002DE70"
2;"25B88";"$e4";;"0002DE78"
2;"25B90";"$e5";;"0002DE80"
2;"25B98";"$e6";;"0002DE88"
2;"25BA0";"$e7";;"0002DE90"
2;"25BB0";"盆踊りのポーズ　　　　　　（月曜日）";;"0002DE98"
2;"25BE0";"シャドウボクシングのポーズ（火曜日）";;"0002DEA0"
2;"25C10";"マリンちゃんのポーズ　　　（水曜日）";;"0002DEA8"
2;"25C40";"ラジオ体操のポーズ　　　　（木曜日）";;"0002DEB0"
2;"25C70";"セクシーポーズ　　　　　　（金曜日）";;"0002DEB8"
2;"25CA0";"ボーリングのポーズ　　　　（土曜日）";;"0002DEC0"
2;"25CD0";"ヒーローのポーズ　　　　　（日曜日）";;"0002DEC8"
2;"25D00";"魔女ッ子のポーズ　　　　　（日曜日）";;"0002DED0"
2;"25D28";"？？？？？";;"0002DED8"
2;"25D38";"やめておく";;"0002DEE0"
2;"25D48";"$p";;"0002DEE8"
2;"25D50";"ふんっ！
ダメだ　びくともしない";;"0002DEF0"
2;"25D70";"$p";;"0002DEF8"
2;"25D80";"おーい　開けてくださーい！";;"0002DF00"
2;"25DA0";"$p";;"0002DF08"
2;"25DB0";"………　返事がない…";;"0002DF10"
2;"25DC8";"$p";;"0002DF18"
2;"25DD0";"ダメだ…
何をしていいか分からない";;"0002DF20"
2;"25DF8";"$p";;"0002DF28"
2;"25E00";"このポーズではないようだ…";;"0002DF30"
2;"25E20";"$p";;"0002DF38"
2;"25E30";"ポーズを全部集めないといけないのか？";;"0002DF40"
2;"25E58";"$p";;"0002DF48"
2;"25E60";"ポーズを全部集めないといけないの…？";;"0002DF50"
2;"25E88";"$p";;"0002DF58"
2;"25E90";"ポーズを全部集めるだけではダメなのか？";;"0002DF60"
2;"25EB8";"$p";;"0002DF68"
2;"25EC0";"ポーズを全部集めただけではダメなの…？";;"0002DF70"
2;"25EE8";"$p";;"0002DF78"
2;"25EF0";"一度アパートへ戻って
考えを整理してみようかな…";;"0002DF80"
2;"25F20";"支配人";;"0002DF88"
2;"25F30";"まだ「岩田の情報」を手に入れて
いないようだね…　フフフ…";;"0002DF90"
2;"25F70";"支配人";;"0002DF98"
2;"25F80";"ほう…　確かに「岩田の情報」を
手に入れてきたようだね…";;"0002DFA0"
2;"25FB8";"支配人";;"0002DFA8"
2;"25FC0";"それじゃあ　教えてあげよう…";;"0002DFB0"
2;"25FE0";"支配人";;"0002DFB8"
2;"25FF0";"岩田の何を聞きたいんだい？";;"0002DFC0"
2;"26010";"岩田の正体";;"0002DFC8"
2;"26020";"岩田の性格";;"0002DFD0"
2;"26030";"最近の岩田";;"0002DFD8"
2;"26040";"岩田の評判";;"0002DFE0"
2;"26050";"もう聞くことはない";;"0002DFE8"
2;"26068";"支配人";;"0002DFF0"
2;"26070";"岩田はね、土地ブローカーってやつさ";;"0002DFF8"
2;"26098";"支配人";;"0002E000"
2;"260A0";"値の上がりそうな土地を、
安く買い叩いて高く売りつける…";;"0002E008"
2;"260D8";"支配人";;"0002E010"
2;"260E0";"それだけなら普通の商売だがね
岩田はそのためなら手段を選ばない";;"0002E018"
2;"26120";"支配人";;"0002E020"
2;"26130";"この出玉町の昔の住人も、
岩田に脅迫されて出て行ったって話だ";;"0002E028"
2;"26170";"支配人";;"0002E030"
2;"26180";"岩田は用心深い　自分は奥に引っ込んだまま
手下を使って悪さをするのさ";;"0002E038"
2;"261C8";"支配人";;"0002E040"
2;"261D0";"自分は偽名を使い、
一般人のフリをして悠々と生活している";;"0002E048"
2;"26208";"支配人";;"0002E050"
2;"26210";"たぶん、あんたも会ったことがあるよ
眼鏡をかけた、太った背広の男だよ";;"0002E058"
2;"26260";"あっ！　あいつか！";;"0002E060"
2;"26280";"あっ…！　あの人？";;"0002E068"
2;"26298";"えっ？　誰？";;"0002E070"
2;"262A8";"$p";;"0002E078"
2;"262B0";"あっ！　あいつか！";;"0002E080"
2;"262C8";"$p";;"0002E088"
2;"262D0";"あっ…！　あの人？";;"0002E090"
2;"262E8";"$p";;"0002E098"
2;"262F0";"えっ？　誰？";;"0002E0A0"
2;"26300";"支配人";;"0002E0A8"
2;"26310";"そう　「食通の渡会」だよ";;"0002E0B0"
2;"26330";"支配人";;"0002E0B8"
2;"26340";"分からないのかい　「食通の渡会」だよ";;"0002E0C0"
2;"26368";"支配人";;"0002E0C8"
2;"26370";"あの静香って女も手下みたいだね
協力してパチパラ町を脅していたようだよ";;"0002E0D0"
2;"263B8";"支配人";;"0002E0D8"
2;"263C0";"最近は…　あまりうまく
いっていないようだったがね";;"0002E0E0"
2;"263F8";"支配人";;"0002E0E8"
2;"26400";"岩田が仕事をしくじるとは…
何かあったのかもしれないね";;"0002E0F0"
2;"26438";"支配人";;"0002E0F8"
2;"26440";"いいわけないよ　あの男のおかげで
大損をしたお客さんが何人もいるんだ";;"0002E100"
2;"26488";"支配人";;"0002E108"
2;"26490";"うまい投資話を持ちかけてね…
まあ、引っかかる方も悪いんだがね";;"0002E110"
2;"264D0";"支配人";;"0002E118"
2;"264E0";"今はうちの店では出入り禁止にしてるよ
探すなら他を当っておくれ";;"0002E120"
2;"26520";"支配人";;"0002E128"
2;"26530";"これで岩田の情報は全てだ
あとは他で探すことだな";;"0002E130"
2;"26560";"支配人";;"0002E138"
2;"26570";"なかなかのパチンコの腕前だね…";;"0002E140"
2;"26590";"支配人";;"0002E148"
2;"265A0";"あの岩田が死んでしまうとは…";;"0002E150"
2;"265C0";"たま井の女将";;"0002E158"
2;"265D0";"いらっしゃい";;"0002E160"
2;"265E0";"たま井の女将";;"0002E168"
2;"265F0";"ありがとうございました";;"0002E170"
2;"26608";"待たされる男";;"0002E178"
2;"26620";"この店は、雑誌やテレビでも
よく取り上げられる、老舗なんだよ";;"0002E180"
2;"26660";"待たされる男";;"0002E188"
2;"26670";"常連には有名人も多いとか…
待たされるのが玉にキズだけどね";;"0002E190"
2;"266B0";"合コン中のＯＬ弓子";;"0002E198"
2;"266D0";"ああ、どうしてもすき焼きに目を奪われるわ
やっぱり、色気より食気なのかしら…";;"0002E1A0"
2;"26720";"合コン中の男 一成";;"0002E1A8"
2;"26740";"迷うなあ…　どっちの子を狙えばいいんだ…
あなた、どう思います？";;"0002E1B0"
2;"26780";"合コン中のＯＬ祥子";;"0002E1B8"
2;"267A0";"弓子ったら、すき焼きにばっかり
目がいってるわね";;"0002E1C0"
2;"267D0";"合コン中のＯＬ祥子";;"0002E1C8"
2;"267F0";"とは言え、確かに美味しそうよね
すき焼き屋って、合コンに向いて無いわね";;"0002E1D0"
2;"26838";"盛り上がる彼氏";;"0002E1D8"
2;"26850";"サッちゃん、あーん
…美味しいかい？";;"0002E1E0"
2;"26878";"盛り上がる彼氏";;"0002E1E8"
2;"26890";"美味しい、美味しいよ
サッちゃん";;"0002E1F0"
2;"268B0";"盛り上がる彼女";;"0002E1F8"
2;"268C0";"ああーん、美味しいよう
ケンちゃん";;"0002E200"
2;"268E8";"盛り上がる彼女";;"0002E208"
2;"26900";"はいケンちゃん　あーん
美味しい？";;"0002E210"
2;"26930";"すき焼き兄弟 一郎";;"0002E218"
2;"26950";"俺達はすき焼き四兄弟
日本一すき焼きを愛する兄弟だ";;"0002E220"
2;"26990";"すき焼き兄弟 二郎";;"0002E228"
2;"269B0";"今日はウワサのすき焼きたま井の
味を確かめに来たというわけさ";;"0002E230"
2;"269F0";"すき焼き兄弟 三郎";;"0002E238"
2;"26A10";"我等にかかれば、どんなすき焼きでも
イチコロよ！";;"0002E240"
2;"26A40";"すき焼き兄弟 四郎";;"0002E248"
2;"26A60";"煮える、煮えるよ兄さん！
煮詰まりすぎだよ！";;"0002E250"
2;"26A90";"悟った親父";;"0002E258"
2;"26AA0";"いいか、よく聞け
すき焼きを囲む者には2種類ある";;"0002E260"
2;"26AD0";"悟った親父";;"0002E268"
2;"26AE0";"すき焼きを食べる者と、作らされる者だ
この言葉、忘れるなよ";;"0002E270"
2;"26B20";"食べる方のおばさん";;"0002E278"
2;"26B40";"アンタ、何ごちゃごちゃいってんのよ！
さっさと、次の肉入れなさいよ";;"0002E280"
2;"26B90";"作らされる方の親父";;"0002E288"
2;"26BB0";"は、はい、直ちに肉を入れるであります
トホホ…";;"0002E290"
2;"26BE0";"ダーツマニア";;"0002E298"
2;"26BF0";"私はダーツが大好きです";;"0002E2A0"
2;"26C08";"ダーツマニア";;"0002E2A8"
2;"26C20";"自宅で練習したいので$ciダーツの的$crが
欲しいのですが、売っていなくて…";;"0002E2B0"
2;"26C70";"$ciダーツの的$crを渡しますか？";;"0002E2B8"
2;"26C90";"はい";;"0002E2C0"
2;"26C98";"いいえ";;"0002E2C8"
2;"26CA0";"ダーツマニア";;"0002E2D0"
2;"26CB0";"えっ！　ありがとうございます！
本当にいいんですか？";;"0002E2D8"
2;"26CE8";"ダーツマニア";;"0002E2E0"
2;"26D00";"それでは変わりにこれを差し上げます";;"0002E2E8"
2;"26D28";"ダーツマニア";;"0002E2F0"
2;"26D40";"このダーツの的は
大切に使わせていただきます";;"0002E2F8"
2;"26D70";"とび天の女将";;"0002E300"
2;"26D80";"いらっしゃい";;"0002E308"
2;"26D90";"とび天の女将";;"0002E310"
2;"26DA0";"ありがとうございました";;"0002E318"
2;"26DB8";"とび天の大将";;"0002E320"
2;"26DD0";"いらっしゃい
うちの天ぷらは最高ですよ";;"0002E328"
2;"26DF8";"天ぷら好きの男";;"0002E330"
2;"26E10";"ここの天ぷら料理はうまいだろ？";;"0002E338"
2;"26E30";"サクサク好きな女";;"0002E340"
2;"26E50";"うん！
そとはサクサク　中はシットリ";;"0002E348"
2;"26E78";"エビ好きな女";;"0002E350"
2;"26E90";"エビもプリプリで　もうサイコーね";;"0002E358"
2;"26EC0";"カウンター好きの男";;"0002E360"
2;"26EE0";"やっぱり食事はカウンター席で
食べるのが一番だね";;"0002E368"
2;"26F10";"宿を探す男";;"0002E370"
2;"26F20";"今日もホテルは満室だってさ
さて今夜はどこに宿泊しよう…";;"0002E378"
2;"26F60";"ポスターを見入る男";;"0002E380"
2;"26F80";"やっぱり夏はビアガーデンだね
あとはこのセクシーなポスターかな　へへっ";;"0002E388"
2;"26FD0";"ロイヤルホテル出玉の受付";;"0002E390"
2;"26FF0";"ロイヤルホテル出玉へようこそ
あいにくホテルは満室になっております";;"0002E398"
2;"27040";"ロイヤルホテル出玉の受付";;"0002E3A0"
2;"27060";"ただいま屋上ビアホールを営業して
おりますので　ぜひお立ちよりください";;"0002E3A8"
2;"270B0";"ビアホール案内係";;"0002E3B0"
2;"270D0";"屋上ビアホールへようこそ";;"0002E3B8"
2;"270F0";"ビアホール男店員";;"0002E3C0"
2;"27110";"何を注文しますか？";;"0002E3C8"
2;"27130";"ビアホール男店員";;"0002E3D0"
2;"27150";"ありがとうございました";;"0002E3D8"
2;"27170";"ビアホール女店員";;"0002E3E0"
2;"27190";"何を注文しますか？";;"0002E3E8"
2;"271B0";"ビアホール女店員";;"0002E3F0"
2;"271D0";"ありがとうございました";;"0002E3F8"
2;"271F0";"ウトウトしているビアホール男店員";;"0002E400"
2;"27220";"…！
いっ　いらっしゃいませっ";;"0002E408"
2;"27240";"お酒があまり得意でないＯＬ";;"0002E410"
2;"27260";"わたし　お酒は苦手で…
ソフトドリンクってないかなぁ";;"0002E418"
2;"27298";"上機嫌な先輩";;"0002E420"
2;"272B0";"おいっ　ジャンジャン注文していいぞ！
今日はオレのおごりだから遠慮するな！";;"0002E428"
2;"27300";"不機嫌な後輩";;"0002E430"
2;"27310";"もう　先輩…
さっきから同じことばっかり言ってますよ";;"0002E438"
2;"27350";"お酒が得意なＯＬ";;"0002E440"
2;"27370";"今日は先輩のおごりなんで
たくさん飲んでおこうっと";;"0002E448"
2;"273B0";"ビアホールが好きな彼氏";;"0002E450"
2;"273D0";"やっぱり夏はビアホールが一番だね！
この開放感がたまらないよ！";;"0002E458"
2;"27410";"オシャレな店が好きな彼女";;"0002E460"
2;"27430";"わたしはやっぱり　もっと落ち着いた雰囲気の
オシャレなお店がいいな…";;"0002E468"
2;"27478";"寂しそうな男";;"0002E470"
2;"27490";"オレたち男２人だと寂しいよな";;"0002E478"
2;"274B0";"幸せそうな男";;"0002E480"
2;"274C0";"オレはうまいビールとおつまみがあれば
それで幸せだな";;"0002E488"
2;"274F8";"一人が好きな男";;"0002E490"
2;"27510";"ビールは一人でじっくり飲む方が
うまいと思うけどな";;"0002E498"
2;"27550";"高層建築物が好きな男";;"0002E4A0"
2;"27570";"私は高層建築物が大好きです";;"0002E4A8"
2;"27590";"高層建築物が好きな男";;"0002E4B0"
2;"275B0";"この町も建設ラッシュで高層ビルが増えたけど
もっと斬新な建物を見てみたいですな";;"0002E4B8"
2;"27600";"$ci有名タワー温度計$crを渡しますか？";;"0002E4C0"
2;"27628";"はい";;"0002E4C8"
2;"27630";"いいえ";;"0002E4D0"
2;"27640";"高層建築物が好きな男";;"0002E4D8"
2;"27660";"こっ　これは！
なんという斬新なデザインなんでしょう！";;"0002E4E0"
2;"276A0";"高層建築物が好きな男";;"0002E4E8"
2;"276C0";"変わりにこれを差し上げます";;"0002E4F0"
2;"276E0";"高層建築物が好きな男";;"0002E4F8"
2;"27700";"この有名タワー温度計は
大切に使わせていただきます";;"0002E500"
2;"27738";"礼儀正しい受付";;"0002E508"
2;"27750";"お客様…
「クラブ女豹」はまだ営業致しておりません";;"0002E510"
2;"27788";"礼儀正しい受付";;"0002E518"
2;"277A0";"夜のみ営業は致しておりますが
夕方くらいにはホステスが準備に来ています";;"0002E520"
2;"277E8";"礼儀正しい受付";;"0002E528"
2;"27800";"「クラブ女豹」は夜のみ営業致しております
先ほどからホステスが準備に来ています";;"0002E530"
2;"27850";"礼儀正しい受付";;"0002E538"
2;"27860";"「クラブ女豹」は営業中でございます
ごゆっくりとお楽しみください";;"0002E540"
2;"278A0";"礼儀正しい受付";;"0002E548"
2;"278B0";"そういえば最近気になることがあるのですが…";;"0002E550"
2;"278E0";"礼儀正しい受付";;"0002E558"
2;"278F0";"毎日違う踊りをしている人を
よく見かけるのですが…";;"0002E560"
2;"27928";"礼儀正しい受付";;"0002E568"
2;"27940";"１週間くらいすると
また同じものを踊っているんですよ";;"0002E570"
2;"27978";"礼儀正しい受付";;"0002E578"
2;"27990";"最近流行のディスコダンスなのですかねぇ…";;"0002E580"
2;"279C0";"クラブ女豹のママ";;"0002E588"
2;"279E0";"どうぞ　ゆっくりしていってね";;"0002E590"
2;"27A00";"ＶＩＰ席で飲みたい男";;"0002E598"
2;"27A20";"おれもいつか高給取りになって
ＶＩＰ席で飲みたいよ";;"0002E5A0"
2;"27A60";"ＶＩＰ席で飲みたい男";;"0002E5A8"
2;"27A80";"いつもあの部屋で飲んでいる男は高額レート
のパチンコ店で財産を稼いだらしいぞ";;"0002E5B0"
2;"27AD0";"カウンター席で仕事をするホステス";;"0002E5B8"
2;"27B00";"私もＶＩＰ席で仕事がしたいわ";;"0002E5C0"
2;"27B20";"ガッカリ知らずの社長";;"0002E5C8"
2;"27B40";"わっはっはっ　このクラブは美人ぞろいだな！";;"0002E5D0"
2;"27B70";"ガッカリ知らずの社長";;"0002E5D8"
2;"27B90";"このクラブの入り口付近で
ガッカリしているヤツをよくみるけど…";;"0002E5E0"
2;"27BD0";"ガッカリ知らずの社長";;"0002E5E8"
2;"27BF0";"ここにはガッカリするところなんて
どこにもないのにな！　わっはっはっ";;"0002E5F0"
2;"27C38";"社長";;"0002E5F8"
2;"27C40";"最近　静香を見ていないけどどうしたんだ？";;"0002E600"
2;"27C70";"ホステス";;"0002E608"
2;"27C80";"ごめんなさい　私はよく知らないわ
それより私よりも静香さんの方がいいの？";;"0002E610"
2;"27CC8";"ＶＩＰ席の男";;"0002E618"
2;"27CE0";"ん？　なんだねキミは？";;"0002E620"
2;"27D00";"派手にやっていますね";;"0002E628"
2;"27D20";"おごってください";;"0002E630"
2;"27D38";"何もないです";;"0002E638"
2;"27D48";"ＶＩＰ席の男";;"0002E640"
2;"27D60";"ガッハッハ
どうだ　うらやましいだろ？";;"0002E648"
2;"27D90";"うらやましいです";;"0002E650"
2;"27DB0";"もっと節約したらどうですか？";;"0002E658"
2;"27DD0";"ＶＩＰ席の男";;"0002E660"
2;"27DE0";"ならお前さんも
高額レートで勝負に出ることだな";;"0002E668"
2;"27E10";"それはイヤだな";;"0002E670"
2;"27E20";"ひょっとしてシルバームーンで？";;"0002E678"
2;"27E40";"ＶＩＰ席の男";;"0002E680"
2;"27E50";"まあ　お前さんの人生だからな
好きにするがいい　ガッハッハッ";;"0002E688"
2;"27E90";"ＶＩＰ席の男";;"0002E690"
2;"27EA0";"ほう…　お前さん店名は知っているようだな？
でも　まだ行ったことがないんだろ？";;"0002E698"
2;"27EF0";"ＶＩＰ席の男";;"0002E6A0"
2;"27F00";"それならヒントを教えてやろう";;"0002E6A8"
2;"27F20";"ＶＩＰ席の男";;"0002E6B0"
2;"27F30";"シルバームーン、通称裏パチンコ店…
その入り口はその名の通り、裏にある";;"0002E6B8"
2;"27F78";"ＶＩＰ席の男";;"0002E6C0"
2;"27F90";"どうだ　見つかったか？";;"0002E6C8"
2;"27FA8";"ＶＩＰ席の男";;"0002E6D0"
2;"27FC0";"もう一度ヒントを教えてやろう";;"0002E6D8"
2;"27FE0";"ＶＩＰ席の男";;"0002E6E0"
2;"27FF0";"わしは子供のころから貧乏だったんだ
今さらそんな生活に戻れるわけないだろ！";;"0002E6E8"
2;"28040";"ＶＩＰ席の男";;"0002E6F0"
2;"28050";"それなら好きなものを頼むがいい";;"0002E6F8"
2;"28070";"ＶＩＰ席の男";;"0002E700"
2;"28080";"また来るがいい";;"0002E708"
2;"28090";"ＶＩＰ席のホステス";;"0002E710"
2;"280B0";"いらっしゃいませ";;"0002E718"
2;"280C8";"エリート男性";;"0002E720"
2;"280E0";"この出玉ハイツはエリートのみが住める
一流のマンションさ";;"0002E728"
2;"28118";"喜ぶ女性";;"0002E730"
2;"28130";"このマンション、町の中心にあるから
どこへ行くにも便利だわ";;"0002E738"
2;"28170";"忙しそうな作業員";;"0002E740"
2;"28190";"ちょっと　じゃましないでくれないか
あー　忙しい　忙しい";;"0002E748"
2;"281D0";"釣りエサ売りの作業員";;"0002E750"
2;"281F0";"やっぱり釣りは海に限りますな";;"0002E758"
2;"28210";"釣りエサ売りの作業員";;"0002E760"
2;"28228";"またどうぞ";;"0002E768"
2;"28238";"シルビア店員";;"0002E770"
2;"28250";"いらっしゃいませ";;"0002E778"
2;"28268";"シルビア店員";;"0002E780"
2;"28280";"ありがとうございました";;"0002E788"
2;"28298";"シルビア店員";;"0002E790"
2;"282B0";"いらっしゃいませ
ファッション・シルビアへようこそ";;"0002E798"
2;"282E8";"女性客";;"0002E7A0"
2;"282F0";"オシャレって楽しいわよ
あなたも、色々試してみたら？";;"0002E7A8"
2;"28328";"待たされる彼氏";;"0002E7B0"
2;"28340";"彼女と買い物に来たんですが
開店時間からずっと、ここにいるんですよ";;"0002E7B8"
2;"28388";"待たされる彼氏";;"0002E7C0"
2;"283A0";"いつになったら、終わるんだろう
トホホ…";;"0002E7C8"
2;"283D0";"待たせている彼女";;"0002E7D0"
2;"283F0";"うーんやっぱり、最近の流行はこの色ね…
でも値段が予算ギリギリ…";;"0002E7D8"
2;"28430";"待たせている彼女";;"0002E7E0"
2;"28450";"靴も新しいのが欲しいし、難しいわね
慎重な検討が必要だわ…";;"0002E7E8"
2;"28490";"セシル店員";;"0002E7F0"
2;"284A0";"いらっしゃいませ";;"0002E7F8"
2;"284B8";"セシル店員";;"0002E800"
2;"284D0";"ありがとうございました";;"0002E808"
2;"284E8";"セシル店員";;"0002E810"
2;"28500";"いらっしゃいませ
シューズ・セシルへようこそ";;"0002E818"
2;"28530";"女性客";;"0002E820"
2;"28540";"オシャレは足元から
靴がいまいちじゃ、折角の服も台無しよ";;"0002E828"
2;"28578";"男性客";;"0002E830"
2;"28580";"うーん、どの帽子がいいのやら…
迷いますなあ";;"0002E838"
2;"285B0";"こだわる主婦";;"0002E840"
2;"285C0";"ウチの人、わかってないのよねえ
ここの丸みが大事なのにさ";;"0002E848"
2;"285F8";"こだわらない夫";;"0002E850"
2;"28610";"靴なんて、履けりゃそれでいいじゃねえか
まったくウチのかあちゃんはよう…";;"0002E858"
2;"28658";"受付嬢";;"0002E860"
2;"28660";"いらっしゃいませ";;"0002E868"
2;"28678";"受付嬢";;"0002E870"
2;"28680";"１Ｆ右手には、ブランド服とアクセサリーを
扱っております「ファッション・シルビア」が、";;"0002E878"
2;"286D8";"受付嬢";;"0002E880"
2;"286E0";"１Ｆ左手には、ブランド靴と帽子を扱っており
ます「シューズ・セシル」がございます";;"0002E888"
2;"28730";"受付嬢";;"0002E890"
2;"28740";"また２Ｆには、最高級の中華料理を楽しめる
「竜玉楼」がございます";;"0002E898"
2;"28780";"黒好きな男";;"0002E8A0"
2;"28790";"私は黒いものが大好きです";;"0002E8A8"
2;"287B0";"黒好きな男";;"0002E8B0"
2;"287C0";"でも黒い招き猫はどこに行っても
売っていないようです…";;"0002E8B8"
2;"28800";"$ci黒い招き猫$crを渡しますか？";;"0002E8C0"
2;"28820";"はい";;"0002E8C8"
2;"28828";"いいえ";;"0002E8D0"
2;"28830";"黒好きな男";;"0002E8D8"
2;"28840";"えっ？　ありがとうございます！
では$ci有名タワー温度計$crと交換しましょう";;"0002E8E0"
2;"28890";"黒好きな男";;"0002E8E8"
2;"288A0";"この黒い招き猫は大切に使わせていただきます";;"0002E8F0"
2;"288D0";"店長";;"0002E8F8"
2;"288E0";"いらっしゃいませ
何にいたしましょう？";;"0002E900"
2;"28908";"店長";;"0002E908"
2;"28910";"ありがとうございました";;"0002E910"
2;"28930";"チャイナ服のスタッフ";;"0002E918"
2;"28950";"いらっしゃいませ";;"0002E920"
2;"28970";"チャイナ服のスタッフ";;"0002E928"
2;"28990";"いらっしゃいませ";;"0002E930"
2;"289A8";"ＯＬ良子";;"0002E938"
2;"289C0";"これだけ店が豪華だと
なんだか緊張しちゃうわ…";;"0002E940"
2;"289F0";"ＯＬ幸枝";;"0002E948"
2;"28A00";"このお店、なんでも本場から
料理人を呼んでるらしいですよ";;"0002E950"
2;"28A38";"恐れる彼氏";;"0002E958"
2;"28A50";"彼女に連れられて来たんですけど
まさかこんなに高級な店だなんて…";;"0002E960"
2;"28A90";"恐れる彼氏";;"0002E968"
2;"28AA0";"財布の中身、足りるかな…";;"0002E970"
2;"28AC0";"恐れない彼女";;"0002E978"
2;"28AD0";"この店、来たかったんですよ
今日は思いっきり食べて帰ります";;"0002E980"
2;"28B10";"初めて来た祖父";;"0002E988"
2;"28B20";"いやあ、なんとも豪華な店ですなあ
こんなところ初めてですわい";;"0002E990"
2;"28B60";"楽しみな祖母";;"0002E998"
2;"28B70";"今日は何が食べられるんだろうねえ
楽しみですよ";;"0002E9A0"
2;"28BA0";"読めない父";;"0002E9A8"
2;"28BB0";"う～む、このお品書き…
さっぱり読めませんな";;"0002E9B0"
2;"28BE0";"自慢げな母";;"0002E9B8"
2;"28BF0";"今日は家族で、食事会なんですよ
ホホホホホ";;"0002E9C0"
2;"28C20";"洋食好きの娘";;"0002E9C8"
2;"28C30";"わたし、ハンバーグが食べたいな";;"0002E9D0"
2;"28C50";"カレー好きの息子";;"0002E9D8"
2;"28C70";"ぼく、カツカレー！
あっ、でもニンジンは抜いてよね";;"0002E9E0"
2;"28CB0";"シルバームーン店員";;"0002E9E8"
2;"28CD0";"いらっしゃいませ";;"0002E9F0"
2;"28CF0";"シルバームーン店員";;"0002E9F8"
2;"28D10";"ありがとうございました";;"0002EA00"
2;"28D30";"シルバームーン店員";;"0002EA08"
2;"28D50";"お客様、申し訳ございません
ここから先の立ち入りはご遠慮願います";;"0002EA10"
2;"28D90";"シルバームーン店員";;"0002EA18"
2;"28DB0";"支配人には失礼の無いように
お願いいたします";;"0002EA20"
2;"28DE0";"シルバームーン店員";;"0002EA28"
2;"28E00";"お客様、申し訳ございません
ここから先の立ち入りはご遠慮願います";;"0002EA30"
2;"28E40";"シルバームーン店員";;"0002EA38"
2;"28E60";"いらっしゃいませ
シルバームーンへようこそ";;"0002EA40"
2;"28E90";"シルバームーン店員";;"0002EA48"
2;"28EB0";"ありがとうございました
またのおこしをお待ちしております";;"0002EA50"
2;"28EF0";"シルバームーン店員";;"0002EA58"
2;"28F10";"いらっしゃいませ
シルバームーンへようこそ";;"0002EA60"
2;"28F40";"シルバームーン店員";;"0002EA68"
2;"28F60";"ありがとうございました
またのおこしをお待ちしております";;"0002EA70"
2;"28FA0";"シルバームーンの客";;"0002EA78"
2;"28FC0";"フフフ、さすがはシルバームーン
並みのパチンコ店とは違う…";;"0002EA80"
2;"29000";"シルバームーンの客";;"0002EA88"
2;"29020";"おおっ！　見たまえ、このアタリを
まさしく大海原のうねりだよ";;"0002EA90"
2;"29060";"シルバームーンの客";;"0002EA98"
2;"29080";"君にはここは少し刺激が
強すぎるんじゃないかね？　フフ…";;"0002EAA0"
2;"290C0";"シルバームーンの客";;"0002EAA8"
2;"290E0";"そら来た、大当りだよ
フハハハハハハ";;"0002EAB0"
2;"29110";"岩田のことを聞く";;"0002EAB8"
2;"29130";"静香のことを聞く";;"0002EAC0"
2;"29148";"何も聞かない";;"0002EAC8"
2;"29158";"$p";;"0002EAD0"
2;"29160";"岩田と言う男について何か知らないか？";;"0002EAD8"
2;"29188";"$p";;"0002EAE0"
2;"29190";"岩田って人について何か知らない？";;"0002EAE8"
2;"291C0";"シルバームーンの客";;"0002EAF0"
2;"291E0";"岩田だと？　フン！
あんな男の名前など聞きたくもない！";;"0002EAF8"
2;"29220";"シルバームーンの客";;"0002EB00"
2;"29240";"岩田？　いまいましい名前だ！";;"0002EB08"
2;"29260";"シルバームーンの客";;"0002EB10"
2;"29280";"岩田だって？
今それどころじゃないんだよ！";;"0002EB18"
2;"292B0";"$p";;"0002EB20"
2;"292C0";"静香と言うホステスについて
何か知らないか？";;"0002EB28"
2;"292F0";"$p";;"0002EB30"
2;"29300";"静香って言うホステスについて
何か知らない？";;"0002EB38"
2;"29330";"シルバームーンの客";;"0002EB40"
2;"29350";"静香…？　知らんな";;"0002EB48"
2;"29370";"シルバームーンの客";;"0002EB50"
2;"29390";"ホステスの静香？　ああ
この店にいたのは見たことがあるな";;"0002EB58"
2;"293D0";"シルバームーンの客";;"0002EB60"
2;"293F0";"静香？　私は朱美一筋でね…
なっ、何を言わせるんだっ！";;"0002EB68"
2;"29428";"バニーガール";;"0002EB70"
2;"29440";"いらっしゃいませー
楽しんでいってくださいね";;"0002EB78"
2;"29470";"バニーガール";;"0002EB80"
2;"29480";"ありがとうございました
またのおこしをお待ちしておりますわ";;"0002EB88"
2;"294C0";"バニーガール";;"0002EB90"
2;"294D0";"いらっしゃいませー
楽しんでいってくださいね";;"0002EB98"
2;"29500";"バニーガール";;"0002EBA0"
2;"29510";"ありがとうございました
またのおこしをお待ちしておりますわ";;"0002EBA8"
2;"29550";"バニーガール";;"0002EBB0"
2;"29560";"いらっしゃいませー
楽しんでいってくださいね";;"0002EBB8"
2;"29590";"バニーガール";;"0002EBC0"
2;"295A0";"ありがとうございました
またのおこしをお待ちしておりますわ";;"0002EBC8"
2;"295E0";"バニーガール";;"0002EBD0"
2;"295F0";"いらっしゃいませー
楽しんでいってくださいね";;"0002EBD8"
2;"29620";"バニーガール";;"0002EBE0"
2;"29630";"ありがとうございました
またのおこしをお待ちしておりますわ";;"0002EBE8"
2;"29670";"休憩室の男";;"0002EBF0"
2;"29680";"ふう…　なに、少し熱くなってしまってね";;"0002EBF8"
2;"296A8";"休憩室の男";;"0002EC00"
2;"296C0";"ここで、熱を冷ましているところなのさ";;"0002EC08"
2;"296E8";"休憩室の男";;"0002EC10"
2;"29700";"おや、見かけない顔だな
どうやら新顔サンと言うところらしいね";;"0002EC18"
2;"29740";"休憩室の男";;"0002EC20"
2;"29750";"なにかご用かな？";;"0002EC28"
2;"29768";"休憩室の男";;"0002EC30"
2;"29780";"おや、君か
今日はどうしたんだい？";;"0002EC38"
2;"297B0";"シルバームーンについて";;"0002EC40"
2;"297C8";"支配人について";;"0002EC48"
2;"297E0";"シルバームーンの客について";;"0002EC50"
2;"29800";"シルバームーンの景品について";;"0002EC58"
2;"29820";"リョウジについて";;"0002EC60"
2;"29838";"綾について";;"0002EC68"
2;"29848";"玉心について";;"0002EC70"
2;"29858";"玉心に勝った！";;"0002EC78"
2;"29868";"伝説とは？";;"0002EC80"
2;"29878";"もう聞かない";;"0002EC88"
2;"29888";"休憩室の男";;"0002EC90"
2;"298A0";"ここは裏パチンコ店シルバームーン";;"0002EC98"
2;"298C8";"休憩室の男";;"0002ECA0"
2;"298E0";"許されし者のみが、集う
至高にして究極の遊戯場さ";;"0002ECA8"
2;"29910";"休憩室の男";;"0002ECB0"
2;"29920";"ここのルールは少し特殊でね
油断すると、あっというまに一文なしさ";;"0002ECB8"
2;"29960";"休憩室の男";;"0002ECC0"
2;"29970";"くれぐれも気をつけたまえよ
新顔君、フフフ";;"0002ECC8"
2;"299A0";"休憩室の男";;"0002ECD0"
2;"299B0";"西川支配人、またの名をマダム";;"0002ECD8"
2;"299D0";"休憩室の男";;"0002ECE0"
2;"299E0";"裏では「マダム」といえば
彼女の事を指すのさ";;"0002ECE8"
2;"29A10";"休憩室の男";;"0002ECF0"
2;"29A20";"彼女がいつからここにいるのか
誰も知らん";;"0002ECF8"
2;"29A48";"休憩室の男";;"0002ED00"
2;"29A60";"だがあまり、マダムの事は詮索
しないことだな、若いの";;"0002ED08"
2;"29A98";"休憩室の男";;"0002ED10"
2;"29AB0";"まだ命は惜しいだろう？　フフフ";;"0002ED18"
2;"29AD0";"休憩室の男";;"0002ED20"
2;"29AE0";"ここのお客には、政界、財界の
重鎮も多いと聞くぞ";;"0002ED28"
2;"29B10";"休憩室の男";;"0002ED30"
2;"29B20";"あまりハメをはずさないことだな";;"0002ED38"
2;"29B40";"休憩室の男";;"0002ED40"
2;"29B50";"ここの景品は単に一流というだけでないぞ";;"0002ED48"
2;"29B78";"休憩室の男";;"0002ED50"
2;"29B90";"マダムの目にかなった品しか
置かれないんだ";;"0002ED58"
2;"29BC0";"休憩室の男";;"0002ED60"
2;"29BD0";"ここでしか手に入らない
貴重な品も数多いと聞くぞ";;"0002ED68"
2;"29C00";"休憩室の男";;"0002ED70"
2;"29C10";"リョウジ？　ああ、あのパチプロか
最近、よく見かけるな";;"0002ED78"
2;"29C48";"休憩室の男";;"0002ED80"
2;"29C60";"綾さんにぞっこんらしいが
まるで相手にされてないな";;"0002ED88"
2;"29C98";"休憩室の男";;"0002ED90"
2;"29CB0";"この店のマネージャーだよ
なかなかの敏腕ぶりだな";;"0002ED98"
2;"29CE0";"休憩室の男";;"0002EDA0"
2;"29CF0";"マダムからの信頼も厚い
おまけにあの美貌だ";;"0002EDA8"
2;"29D20";"休憩室の男";;"0002EDB0"
2;"29D30";"何人かアタックしたようだが
全員玉砕したらしい";;"0002EDB8"
2;"29D60";"休憩室の男";;"0002EDC0"
2;"29D70";"彼女を夢中にさせる男など
この世にはいないのかもしれないな";;"0002EDC8"
2;"29DB0";"休憩室の男";;"0002EDD0"
2;"29DC0";"玉心…　ミカドの玉心とも呼ばれる
凄腕のパチプロだ";;"0002EDD8"
2;"29DF8";"休憩室の男";;"0002EDE0"
2;"29E10";"ヤツはその名の通り、玉の心を見抜くと
聞くぞ";;"0002EDE8"
2;"29E40";"休憩室の男";;"0002EDF0"
2;"29E50";"果たしてヤツに勝てるパチプロが
この世にいるのかどうか…";;"0002EDF8"
2;"29E88";"休憩室の男";;"0002EE00"
2;"29EA0";"玉心に勝ったそうだね
凄いじゃないか";;"0002EE08"
2;"29EC8";"休憩室の男";;"0002EE10"
2;"29EE0";"君なら、あの男すら倒せるかも
しれないな…　あの伝説の男を";;"0002EE18"
2;"29F20";"休憩室の男";;"0002EE20"
2;"29F30";"この世にはパチプロ八賢人と呼ばれる
凄いパチプロ達がいるんだよ";;"0002EE28"
2;"29F70";"休憩室の男";;"0002EE30"
2;"29F80";"この辺りにも、パチプロ八賢人の
一人がいるって噂だ";;"0002EE38"
2;"29FB8";"休憩室の男";;"0002EE40"
2;"29FD0";"なんでも究極の技を操るらしいよ";;"0002EE48"
2;"29FF0";"休憩室の男";;"0002EE50"
2;"2A000";"八賢人に興味があるのかい？";;"0002EE58"
2;"2A020";"はい";;"0002EE60"
2;"2A028";"いいえ";;"0002EE68"
2;"2A030";"休憩室の男";;"0002EE70"
2;"2A040";"何を聞きたいのかな？";;"0002EE78"
2;"2A060";"賢人の居場所は？";;"0002EE80"
2;"2A080";"八賢人と勝負するには？";;"0002EE88"
2;"2A098";"究極の技とは？";;"0002EE90"
2;"2A0A8";"もう聞かない";;"0002EE98"
2;"2A0B8";"休憩室の男";;"0002EEA0"
2;"2A0D0";"普段は自分の正体を隠して
暮らしているらしい";;"0002EEA8"
2;"2A100";"休憩室の男";;"0002EEB0"
2;"2A110";"ただ、彼もパチプロ
きっとパチンコとは離れられないはずさ";;"0002EEB8"
2;"2A148";"休憩室の男";;"0002EEC0"
2;"2A160";"並のパチプロじゃあ
相手にされないんじゃないかな";;"0002EEC8"
2;"2A190";"休憩室の男";;"0002EED0"
2;"2A1A0";"君がもし八賢人との勝負を望むなら";;"0002EED8"
2;"2A1C8";"休憩室の男";;"0002EEE0"
2;"2A1E0";"何か凄腕の証になるような事を
しないとだめだろうね";;"0002EEE8"
2;"2A218";"休憩室の男";;"0002EEF0"
2;"2A230";"噂で聞いただけだが
パチンコの存在を揺るがす大技らしい";;"0002EEF8"
2;"2A268";"休憩室の男";;"0002EF00"
2;"2A280";"一体どんな技なんだろうね";;"0002EF08"
2;"2A2A0";"休憩室の男";;"0002EF10"
2;"2A2B0";"なんだそうかい
まあ、気が変わったら聞いてくれたまえ";;"0002EF18"
2;"2A2E8";"休憩室の男";;"0002EF20"
2;"2A300";"なんでもパチプロ八賢人の一人
夢路を倒したそうじゃないか";;"0002EF28"
2;"2A338";"休憩室の男";;"0002EF30"
2;"2A350";"もはや君にかなうヤツは
いないんじゃないかな";;"0002EF38"
2;"2A380";"特殊ルールって？";;"0002EF40"
2;"2A3A0";"どうやって攻略するの？";;"0002EF48"
2;"2A3C0";"パチンコ勝負もこのルールなの？";;"0002EF50"
2;"2A3E0";"やめておく";;"0002EF58"
2;"2A3F0";"休憩室の男";;"0002EF60"
2;"2A400";"ここは「貯玉10玉」を「１玉」として
扱うんだ";;"0002EF68"
2;"2A430";"休憩室の男";;"0002EF70"
2;"2A440";"すなわち銀玉を1発はじく毎に
貯玉は10玉減る事になるのさ";;"0002EF78"
2;"2A478";"休憩室の男";;"0002EF80"
2;"2A490";"そのかわり、攻略成功時に手にしていた
持ち玉は10倍になって返ってくる";;"0002EF88"
2;"2A4D8";"休憩室の男";;"0002EF90"
2;"2A4F0";"例えば、6000玉をこの店で出せば
それは60000玉となるんだ";;"0002EF98"
2;"2A528";"休憩室の男";;"0002EFA0"
2;"2A540";"どうだい、面白そうだろう？";;"0002EFA8"
2;"2A560";"休憩室の男";;"0002EFB0"
2;"2A570";"この店では、攻略開始時に貯玉を
特殊ルール用の持ち玉数に変換するんだ";;"0002EFB8"
2;"2A5B8";"休憩室の男";;"0002EFC0"
2;"2A5D0";"例えば貯玉が50000玉なら、持ち玉は
5000発というわけさ";;"0002EFC8"
2;"2A608";"休憩室の男";;"0002EFD0"
2;"2A620";"持ち玉数が攻略開始前の貯玉数より
少ないが、安心したまえ";;"0002EFD8"
2;"2A658";"休憩室の男";;"0002EFE0"
2;"2A670";"攻略終了時に攻略成功、失敗にかかわらず
残った持ち玉は元のレートで貯玉に戻る";;"0002EFE8"
2;"2A6C0";"休憩室の男";;"0002EFF0"
2;"2A6D0";"無論、残っていれば…　の話だがね
フフフ";;"0002EFF8"
2;"2A6F8";"休憩室の男";;"0002F000"
2;"2A710";"このルールはパチンコ勝負には適用されない";;"0002F008"
2;"2A740";"休憩室の男";;"0002F010"
2;"2A750";"パチプロ同士の真剣勝負だからね";;"0002F018"
2;"2A770";"休憩室の男";;"0002F020"
2;"2A780";"ここは裏パチンコ店
集まるパチプロも色々さ";;"0002F028"
2;"2A7B0";"休憩室の男";;"0002F030"
2;"2A7C0";"見かけたら、声をかけて見るのも
いいんじゃないかな";;"0002F038"
2;"2A7F8";"リョウジ";;"0002F040"
2;"2A810";"なぜ綾さんは僕の魅力に気付かないんだ？
僕の何が気に入らないと言うんだ";;"0002F048"
2;"2A858";"リョウジ";;"0002F050"
2;"2A870";"なんだ？$nいつぞやのウマのホネじゃあないか";;"0002F058"
2;"2A8A0";"今度こそはと、パチンコ勝負を挑む";;"0002F060"
2;"2A8C8";"黙って立ち去る";;"0002F068"
2;"2A8D8";"リョウジ";;"0002F070"
2;"2A8F0";"ノド元過ぎればなんとやら…　か$nいいだろう、返り討ちだ";;"0002F078"
2;"2A928";"リョウジ";;"0002F080"
2;"2A940";"ここは一流のパチプロがふさわしい";;"0002F088"
2;"2A968";"リョウジ";;"0002F090"
2;"2A980";"貴様のような輩には不釣合いな場所だ$nさっさとでていけ、目障りだ";;"0002F098"
2;"2A9C0";"リョウジ";;"0002F0A0"
2;"2A9D0";"ふう、何の手応えも無かったな";;"0002F0A8"
2;"2A9F0";"リョウジ";;"0002F0B0"
2;"2AA00";"これでわかっただろう？$nもう僕の前に現れないで欲しいな";;"0002F0B8"
2;"2AA38";"リョウジ";;"0002F0C0"
2;"2AA50";"ん？　なんだ
キミもボクへ愛の告白かい？";;"0002F0C8"
2;"2AA80";"パチンコ勝負を挑む";;"0002F0D0"
2;"2AA98";"黙って立ち去る";;"0002F0D8"
2;"2AAA8";"リョウジ";;"0002F0E0"
2;"2AAC0";"フン、いい度胸だ
叩きのめしてやる";;"0002F0E8"
2;"2AAE8";"リョウジ";;"0002F0F0"
2;"2AB00";"ボクは綾さん一筋でね
悪いが他をあたってくれ";;"0002F0F8"
2;"2AB30";"リョウジ";;"0002F100"
2;"2AB40";"それともパチンコ勝負でも
しようって言うのかい？";;"0002F108"
2;"2AB70";"悩んでいる営業マン";;"0002F110"
2;"2AB90";"困ったなぁ…　息子にザリガニが欲しいって
言われているけど…　一体どこにいるんだろう";;"0002F118"
2;"2ABF0";"釣ったザリガニをあげますか？";;"0002F120"
2;"2AC10";"はい";;"0002F128"
2;"2AC18";"いいえ";;"0002F130"
2;"2AC20";"悩んでいる営業マン";;"0002F138"
2;"2AC40";"あっ　これは…　ザリガニ！
ありがとうございます";;"0002F140"
2;"2AC70";"悩んでいる営業マン";;"0002F148"
2;"2AC90";"それじゃ　お礼にこれを差し上げます";;"0002F150"
2;"2ACC0";"悩んでいる営業マン";;"0002F158"
2;"2ACE0";"ザリガニを　どうもありがとうございました";;"0002F160"
2;"2AD10";"悩みごとがない営業マン";;"0002F168"
2;"2AD30";"ザリガニを　どうもありがとうございました";;"0002F170"
2;"2AD60";"釣りエサ売りおじさん";;"0002F178"
2;"2AD80";"どうじゃ　釣りエサはいらんかね？";;"0002F180"
2;"2ADB0";"釣りエサ売りおじさん";;"0002F188"
2;"2ADC8";"また頼むよ";;"0002F190"
2;"2ADD8";"あきない青年";;"0002F198"
2;"2ADF0";"ずっとこの川の流れを見ていても
全然あきないよ";;"0002F1A0"
2;"2AE20";"あきれる女性";;"0002F1A8"
2;"2AE30";"この人ずっと川の流れを見ているわ
ほんと、あきれてくるわね";;"0002F1B0"
2;"2AE70";"プロボーラーおじさん";;"0002F1B8"
2;"2AE90";"わしは　プロのボーリング選手
すなわちプロボーラーじゃ";;"0002F1C0"
2;"2AED0";"プロボーラーおじさん";;"0002F1C8"
2;"2AEF0";"なに？
わしの華麗な投球フォームをみたいだと？";;"0002F1D0"
2;"2AF20";"そんなこと聞いていません";;"0002F1D8"
2;"2AF40";"ぜひ　お願いします";;"0002F1E0"
2;"2AF60";"プロボーラーおじさん";;"0002F1E8"
2;"2AF80";"よし　みておれ！";;"0002F1F0"
2;"2AFA0";"プロボーラーおじさん";;"0002F1F8"
2;"2AFB8";"そーれっ！";;"0002F200"
2;"2AFD0";"プロボーラーおじさん";;"0002F208"
2;"2AFF0";"どうじゃ　この華麗なフォームは！";;"0002F210"
2;"2B020";"プロボーラーおじさん";;"0002F218"
2;"2B040";"はっはっはっ…　ぐきっ…
うっ！　こっ腰が…";;"0002F220"
2;"2B070";"プロボーラーおじさん";;"0002F228"
2;"2B090";"なんじゃ　近頃の若いもんは…
さみしいのう…";;"0002F230"
2;"2B0C0";"ウワサを信じる男";;"0002F238"
2;"2B0E0";"キミは高額レートのパチンコ屋って
聞いたことあるか？";;"0002F240"
2;"2B118";"聞いたことない";;"0002F248"
2;"2B130";"シルバームーンってところ？";;"0002F250"
2;"2B150";"ウワサを信じる男";;"0002F258"
2;"2B170";"そうそう！　確かそんな名前だったハズだ！";;"0002F260"
2;"2B1A0";"ウワサを信じる男";;"0002F268"
2;"2B1C0";"でもな　そのパチンコ屋で財産を使い果たして
家を失った男がいるって聞いたけど…";;"0002F270"
2;"2B210";"ウワサを信じる男";;"0002F278"
2;"2B230";"わたしは　そこまでのめりこみたくないなぁ…";;"0002F280"
2;"2B260";"ウワサを信じる男";;"0002F288"
2;"2B280";"そんなパチンコ屋ってどこにあるんだろう？";;"0002F290"
2;"2B2B0";"悩んでいる男";;"0002F298"
2;"2B2C0";"キミは「クラブ女豹」に行ったことがあるか？
うん　あそこはいいぞ！";;"0002F2A0"
2;"2B308";"悩んでいる男";;"0002F2A8"
2;"2B320";"って女性のキミに聞くのも変な話か…";;"0002F2B0"
2;"2B348";"悩んでいる男";;"0002F2B8"
2;"2B360";"ジュリちゃんは美人だし　麻美ちゃんも
カワイイなぁ…　今日はどっちにしよう…";;"0002F2C0"
2;"2B3B0";"ガッカリする男";;"0002F2C8"
2;"2B3C0";"はぁ　今日もまたボロ負けだよ…";;"0002F2D0"
2;"2B3E0";"曜日を気にする男";;"0002F2D8"
2;"2B400";"今日は何曜日だっけ？
えっと　それならこうだったな…";;"0002F2E0"
2;"2B440";"地価の上昇を喜ぶ会社員";;"0002F2E8"
2;"2B460";"政府の再開発計画のせいで
この地域の地価は急上昇しているよ";;"0002F2F0"
2;"2B4A0";"地価の上昇を喜ぶ会社員";;"0002F2F8"
2;"2B4C0";"それに建設ラッシュのおかげで
景気も絶好調さ　いい時代だね";;"0002F300"
2;"2B500";"地価の上昇に詳しい会社員";;"0002F308"
2;"2B520";"パチパラ町が再開発を始めたら
それはもう、すごいことになるよ";;"0002F310"
2;"2B560";"地価の上昇に詳しい会社員";;"0002F318"
2;"2B580";"今でもずいぶん地価は上がってるが、
開発が進めばその倍の値はつくだろうね";;"0002F320"
2;"2B5C8";"白好きな男";;"0002F328"
2;"2B5E0";"私は白いものが大好きです";;"0002F330"
2;"2B600";"白好きな男";;"0002F338"
2;"2B610";"でも私の持っているこの招き猫は黒色なんです
あなた白い招き猫を持っていないですか？";;"0002F340"
2;"2B670";"$ci白い招き猫$crを渡しますか？";;"0002F348"
2;"2B690";"はい";;"0002F350"
2;"2B698";"いいえ";;"0002F358"
2;"2B6A0";"白好きな男";;"0002F360"
2;"2B6B0";"えっ？　ありがとうございます！
それじゃ、この$ci黒い招き猫$crと交換しましょう";;"0002F368"
2;"2B700";"白好きな男";;"0002F370"
2;"2B710";"この白い招き猫は大切に使わせていただきます";;"0002F378"
2;"2B740";"忙しいサラリーマン";;"0002F380"
2;"2B760";"ああ、忙しい忙しい
忙しいったらありゃしない";;"0002F388"
2;"2B790";"団塊の世代の男";;"0002F390"
2;"2B7A0";"ボクの彼女、海に連れていけって
うるさいんですよ";;"0002F398"
2;"2B7D0";"徒歩通勤の会社員";;"0002F3A0"
2;"2B7F0";"徒歩通勤はつらいよ
せめてバスで通いたいんだけどなあ";;"0002F3A8"
2;"2B830";"徒歩通勤の会社員";;"0002F3B0"
2;"2B850";"ウチのカミさんが許してくれないんだよ
トホホ…";;"0002F3B8"
2;"2B880";"遅刻しそうな男";;"0002F3C0"
2;"2B890";"急がないと、会議におくれちまう
連絡しようにも、電話が見つからないし…";;"0002F3C8"
2;"2B8D8";"遅刻しそうな男";;"0002F3D0"
2;"2B8F0";"ああ、歩きながらかけられる
電話があればなあ…";;"0002F3D8"
2;"2B920";"空腹の男";;"0002F3E0"
2;"2B930";"一度は竜玉楼で
たらふく食べてみたいよな";;"0002F3E8"
2;"2B958";"暑がりＯＬ";;"0002F3F0"
2;"2B970";"暑いって言ってると
もっと暑くなってきちゃうんだけど";;"0002F3F8"
2;"2B9A8";"暑がりＯＬ";;"0002F400"
2;"2B9C0";"言わずにはいられないわ
…ああ、暑い暑い";;"0002F408"
2;"2B9E8";"服が欲しいＯＬ";;"0002F410"
2;"2BA00";"あーあ、新しい服欲しいなあ
ファッション・シルビアに行こうかしら";;"0002F418"
2;"2BA40";"海に行きたい女";;"0002F420"
2;"2BA50";"今年こそ、お金を貯めて
海に行くぞーっ";;"0002F428"
2;"2BA78";"バスマニアの女";;"0002F430"
2;"2BA90";"出玉町って、バス路線が
しっかりしてるから便利よね";;"0002F438"
2;"2BAD0";"靴が欲しいお姉さん";;"0002F440"
2;"2BAF0";"そろそろ新しい靴が欲しいわ　パパに
シューズ・セシルでおねだりしようかしら";;"0002F448"
2;"2BB40";"とび天の息子";;"0002F450"
2;"2BB50";"いらっしゃいませ";;"0002F458"
2;"2BB68";"とび天の息子";;"0002F460"
2;"2BB80";"ところで　なぁ　あんた
好きな人っているのか？";;"0002F468"
2;"2BBB0";"いる     ";;"0002F470"
2;"2BBC0";"いない     ";;"0002F478"
2;"2BBD0";"あなたが好き";;"0002F480"
2;"2BBE0";"とび天の息子";;"0002F488"
2;"2BBF0";"実はオレもいるんだぜ
すき焼き屋のあの子だ…";;"0002F490"
2;"2BC20";"とび天の息子";;"0002F498"
2;"2BC30";"そうか…　オレはいるんだぜ
すき焼き屋のあの子だ…";;"0002F4A0"
2;"2BC68";"とび天の息子";;"0002F4A8"
2;"2BC80";"あの子に会いたいなぁ…";;"0002F4B0"
2;"2BCA0";"すき焼き屋の姉のこと？";;"0002F4B8"
2;"2BCC0";"すき焼き屋の妹のこと？";;"0002F4C0"
2;"2BCD8";"俺のこと？";;"0002F4C8"
2;"2BCE8";"私のこと？";;"0002F4D0"
2;"2BCF8";"とび天の息子";;"0002F4D8"
2;"2BD10";"あぁ、そうだよ！
オレはすき焼き屋の姉が好きなんだ！";;"0002F4E0"
2;"2BD50";"俺も好きなんだ！";;"0002F4E8"
2;"2BD70";"私も好きなんだ！";;"0002F4F0"
2;"2BD90";"パチパラ町の床屋の息子もそう言っていたよ！";;"0002F4F8"
2;"2BDC0";"何も言わない";;"0002F500"
2;"2BDD0";"とび天の息子";;"0002F508"
2;"2BDE0";"何っ！　お前のことは知ったことじゃない！";;"0002F510"
2;"2BE10";"とび天の息子";;"0002F518"
2;"2BE20";"何っ！　お前は女だろ？";;"0002F520"
2;"2BE38";"とび天の息子";;"0002F528"
2;"2BE50";"何っ！　おいお前！
そいつに言っておいてくれ！";;"0002F530"
2;"2BE80";"とび天の息子";;"0002F538"
2;"2BE90";"告白するのはオレだ！って";;"0002F540"
2;"2BEB0";"とび天の息子";;"0002F548"
2;"2BEC0";"ん？　ちがうぞ！";;"0002F550"
2;"2BED8";"とび天の息子";;"0002F558"
2;"2BEF0";"あんたは関係ない！";;"0002F560"
2;"2BF08";"とび天の息子";;"0002F568"
2;"2BF20";"おい！　まだパチパラ町の床屋の息子に
言っていないようだな";;"0002F570"
2;"2BF60";"とび天の息子";;"0002F578"
2;"2BF70";"おい　お前！
この前、パチパラ町の床屋の息子が来てな…";;"0002F580"
2;"2BFA8";"とび天の息子";;"0002F588"
2;"2BFC0";"あいつも告白する！だってよ！
はっはっはっ";;"0002F590"
2;"2BFF0";"とび天の息子";;"0002F598"
2;"2C000";"あんなヒョロヒョロしたヤツが
好きになるわけがないのになっ！";;"0002F5A0"
2;"2C040";"とび天の息子";;"0002F5A8"
2;"2C050";"それなら告白する順番を
パチンコ勝負で決めようぜ！";;"0002F5B0"
2;"2C088";"とび天の息子";;"0002F5B8"
2;"2C0A0";"お互いにパチプロを雇って
パチンコ勝負するってのはどうだ？";;"0002F5C0"
2;"2C0E0";"とび天の息子";;"0002F5C8"
2;"2C0F0";"お前はアイツの味方なんだろ？
まさかこの勝負から逃げないだろうな？";;"0002F5D0"
2;"2C140";"もちろん受けて立とう！";;"0002F5D8"
2;"2C160";"もちろん逃げる！";;"0002F5E0"
2;"2C178";"とび天の息子";;"0002F5E8"
2;"2C190";"それなら話は早い";;"0002F5F0"
2;"2C1A8";"とび天の息子";;"0002F5F8"
2;"2C1C0";"ふっふっふ逃がしはしないぞ";;"0002F600"
2;"2C1E0";"とび天の息子";;"0002F608"
2;"2C1F0";"裏パチンコ店で待っている…
あいつに言っておきな！";;"0002F610"
2;"2C228";"とび天の息子";;"0002F618"
2;"2C240";"お金目当てなあんな女はもうコリゴリだ…";;"0002F620"
2;"2C270";"すき焼き屋の看板娘（姉）";;"0002F628"
2;"2C290";"いらっしゃいませ";;"0002F630"
2;"2C2B0";"あなたは好きな人がいるの？と聞く";;"0002F638"
2;"2C2E0";"あなたはどんな人が好き？と聞く";;"0002F640"
2;"2C300";"あなたが好きと言う";;"0002F648"
2;"2C320";"あなたが嫌いと言う";;"0002F650"
2;"2C338";"何も言わない";;"0002F658"
2;"2C350";"すき焼き屋の看板娘（姉）";;"0002F660"
2;"2C370";"今は好きな人がいないわ…
気になっている人はいるけどね…";;"0002F668"
2;"2C3B0";"すき焼き屋の看板娘（姉）";;"0002F670"
2;"2C3D0";"私はやっぱりお金持ちの人でないと…
そう、この出玉町に住めるような人かな？";;"0002F678"
2;"2C420";"すき焼き屋の看板娘（姉）";;"0002F680"
2;"2C440";"私はあなたのような人は
タイプではないです！";;"0002F688"
2;"2C470";"すき焼き屋の看板娘（姉）";;"0002F690"
2;"2C490";"いきなり失礼な人ね！
私もあなたが嫌いです！";;"0002F698"
2;"2C4C0";"すき焼き屋の看板娘（姉）";;"0002F6A0"
2;"2C4E0";"何よ　あの男！
もの凄くケチなんだから…";;"0002F6A8"
2;"2C510";"すき焼き屋の看板娘（妹）";;"0002F6B0"
2;"2C530";"いらっしゃいませ";;"0002F6B8"
2;"2C550";"あなたは好きな人がいるの？と聞く";;"0002F6C0"
2;"2C580";"あなたはどんな人が好き？と聞く";;"0002F6C8"
2;"2C5A0";"あなたが好きと言う";;"0002F6D0"
2;"2C5C0";"あなたが嫌いと言う";;"0002F6D8"
2;"2C5D8";"何も言わない";;"0002F6E0"
2;"2C5F0";"すき焼き屋の看板娘（妹）";;"0002F6E8"
2;"2C610";"今は好きな人がいないです…
気になっている人はいますけど…";;"0002F6F0"
2;"2C650";"すき焼き屋の看板娘（妹）";;"0002F6F8"
2;"2C670";"私はやっぱり誠実な人がいいです…
あまりお金ばかりの人はどうも…";;"0002F700"
2;"2C6B0";"すき焼き屋の看板娘（妹）";;"0002F708"
2;"2C6D0";"すみませんが、
私はあなたはタイプではないです";;"0002F710"
2;"2C700";"すき焼き屋の看板娘（妹）";;"0002F718"
2;"2C720";"そうですか…";;"0002F720"
2;"2C730";"すき焼き屋の看板娘（妹）";;"0002F728"
2;"2C750";"あぁ、あなたですか！
今は彼と良いお付き合いをしています";;"0002F730"
2;"2C788";"とび天の息子";;"0002F738"
2;"2C7A0";"おお　あんたか？
待っていたぞ";;"0002F740"
2;"2C7C0";"とび天の息子";;"0002F748"
2;"2C7D0";"オレはこのパチプロを雇ってきたぜ";;"0002F750"
2;"2C7F8";"玉心";;"0002F758"
2;"2C800";"わたしはパチプロの玉心（ぎょくしん）";;"0002F760"
2;"2C828";"とび天の息子";;"0002F768"
2;"2C840";"あの床屋の息子とパチプロはどうした？";;"0002F770"
2;"2C868";"清水寿夫";;"0002F778"
2;"2C880";"おっ　お待たせ！";;"0002F780"
2;"2C898";"とび天の息子";;"0002F788"
2;"2C8B0";"おっ　やっと来たか…　ん？
ところでお前の雇ったパチプロはどうした？";;"0002F790"
2;"2C8F8";"清水寿夫";;"0002F798"
2;"2C910";"ボクの雇ったパチプロは、この方だ！";;"0002F7A0"
2;"2C938";"とび天の息子";;"0002F7A8"
2;"2C950";"えぇ！　お前が！";;"0002F7B0"
2;"2C968";"そういうことだ";;"0002F7B8"
2;"2C980";"そういうことです";;"0002F7C0"
2;"2C998";"よろしく！";;"0002F7C8"
2;"2C9B0";"イヤイヤだけどね";;"0002F7D0"
2;"2C9C8";"とび天の息子";;"0002F7D8"
2;"2C9E0";"それなら話は早い
さっそく勝負といくか！";;"0002F7E0"
2;"2CA08";"望むところだ！";;"0002F7E8"
2;"2CA20";"ちょっと待って！";;"0002F7F0"
2;"2CA38";"とび天の息子";;"0002F7F8"
2;"2CA50";"それじゃ　向こうのホールへ行くぞ！";;"0002F800"
2;"2CA78";"とび天の息子";;"0002F808"
2;"2CA90";"何なんだよ　お前は…
調子狂うな…";;"0002F810"
2;"2CAB8";"とび天の息子";;"0002F818"
2;"2CAD0";"よし　用意はいいか？";;"0002F820"
2;"2CAE8";"玉心";;"0002F828"
2;"2CAF0";"私はいつでも準備できています
あなたのタイミングで始めましょう";;"0002F830"
2;"2CB30";"とび天の息子";;"0002F838"
2;"2CB40";"今日のところは出直してくるんだな！";;"0002F840"
2;"2CB68";"清水寿夫";;"0002F848"
2;"2CB78";"君に任せたよ！";;"0002F850"
2;"2CB88";"玉心";;"0002F858"
2;"2CB90";"わたしと勝負するかね？";;"0002F860"
2;"2CBA8";"もちろんだ…";;"0002F868"
2;"2CBB8";"黙って立ち去る";;"0002F870"
2;"2CBC8";"玉心";;"0002F878"
2;"2CBD0";"それでは　向こうのホールで
勝負を始めますか…";;"0002F880"
2;"2CC00";"玉心";;"0002F888"
2;"2CC10";"このわたしに勝つとは…
君はパチプロとしての才能があるようだな";;"0002F890"
2;"2CC50";"玉心";;"0002F898"
2;"2CC60";"それでは私のこの技を君に授けよう";;"0002F8A0"
2;"2CC88";"玉心";;"0002F8A8"
2;"2CC90";"それとこれも持っていくがよい";;"0002F8B0"
2;"2CCB0";"玉心";;"0002F8B8"
2;"2CCC0";"君にはパチンコのセンスが感じられるが
それを活かしきれていないようだな";;"0002F8C0"
2;"2CD08";"玉心";;"0002F8C8"
2;"2CD10";"今日の勝負はこれで終わりです
もう一度出直してきなさい";;"0002F8D0"
2;"2CD50";"シルバームーン店員";;"0002F8D8"
2;"2CD70";"お嬢様方、こちらへどうぞ";;"0002F8E0"
2;"2CD90";"すき焼き屋の看板娘（姉）";;"0002F8E8"
2;"2CDB0";"一体どういうこと？
こんなところに呼び出して…";;"0002F8F0"
2;"2CDE0";"清水寿夫";;"0002F8F8"
2;"2CDF0";"勝負に勝ったんだ
それじゃボクから告白するよ";;"0002F900"
2;"2CE20";"とび天の息子";;"0002F908"
2;"2CE30";"ふっ　好きにすればいいさ…";;"0002F910"
2;"2CE50";"清水寿夫";;"0002F918"
2;"2CE60";"えーっと…";;"0002F920"
2;"2CE70";"清水寿夫";;"0002F928"
2;"2CE80";"ボ…　ボクは
前からキミのことが好きでした";;"0002F930"
2;"2CEB0";"清水寿夫";;"0002F938"
2;"2CEC0";"付き合ってください！　お願いします！";;"0002F940"
2;"2CEF0";"すき焼き屋の看板娘（姉）";;"0002F948"
2;"2CF10";"………
何なのこの人！";;"0002F950"
2;"2CF30";"すき焼き屋の看板娘（姉）";;"0002F958"
2;"2CF50";"あなたって…　パチパラ町の人？";;"0002F960"
2;"2CF70";"清水寿夫";;"0002F968"
2;"2CF80";"はっ　はい…
床屋の見習いです";;"0002F970"
2;"2CFA0";"すき焼き屋の看板娘（姉）";;"0002F978"
2;"2CFC0";"パチパラ町の床屋の見習い？
お金はあまり持っていそうにないね…";;"0002F980"
2;"2D000";"すき焼き屋の看板娘（姉）";;"0002F988"
2;"2D020";"そもそも、パチパラ町のヤツなんて
最初っからお断りだけどね";;"0002F990"
2;"2D060";"とび天の息子";;"0002F998"
2;"2D070";"それじゃ　次はオレの番だな！";;"0002F9A0"
2;"2D090";"とび天の息子";;"0002F9A8"
2;"2D0A0";"オレは…
出玉町の天ぷら屋「とび天」の一人息子だ";;"0002F9B0"
2;"2D0D0";"とび天の息子";;"0002F9B8"
2;"2D0E0";"金ならいくらでもある！
オレと付き合ってくれ！";;"0002F9C0"
2;"2D110";"すき焼き屋の看板娘（姉）";;"0002F9C8"
2;"2D130";"あの、とび天の一人息子ですって…？
それならもちろんＯＫだわ";;"0002F9D0"
2;"2D170";"清水寿夫";;"0002F9D8"
2;"2D180";"………";;"0002F9E0"
2;"2D188";"とび天の息子";;"0002F9E8"
2;"2D1A0";"ということだ　残念だな…　フッ";;"0002F9F0"
2;"2D1C0";"とび天の息子";;"0002F9F8"
2;"2D1D0";"そこはジャマなんだよ！
とっととうせろ！";;"0002FA00"
2;"2D1F8";"清水寿夫";;"0002FA08"
2;"2D208";"くっ！";;"0002FA10"
2;"2D210";"すき焼き屋の看板娘（妹）";;"0002FA18"
2;"2D230";"大丈夫ですか！";;"0002FA20"
2;"2D240";"すき焼き屋の看板娘（姉）";;"0002FA28"
2;"2D260";"それじゃ　私たちはこれで…";;"0002FA30"
2;"2D280";"とび天の息子";;"0002FA38"
2;"2D290";"ハーッハッハッハー";;"0002FA40"
2;"2D2A8";"清水寿夫";;"0002FA48"
2;"2D2C0";"くっ　くっそー…";;"0002FA50"
2;"2D2E0";"すき焼き屋の看板娘（妹）";;"0002FA58"
2;"2D300";"あの…　ケガはされていないですか？";;"0002FA60"
2;"2D328";"清水寿夫";;"0002FA68"
2;"2D338";"だっ　大丈夫…";;"0002FA70"
2;"2D350";"すき焼き屋の看板娘（妹）";;"0002FA78"
2;"2D370";"わたし…　あなたの家までお送りします";;"0002FA80"
2;"2D3A0";"交番の掲示板だ
注意事項が張り出されている";;"0002FA88"
2;"2D3D0";"交番の掲示板だ
注意事項が張り出されている";;"0002FA90"
2;"2D400";"交通安全キャンペーンの看板だ
「交通ルールを守りましょう」と書かれている";;"0002FA98"
2;"2D448";"交番の自転車だ";;"0002FAA0"
2;"2D460";"黒板に色々と書き込まれている";;"0002FAA8"
2;"2D480";"交通安全の看板だ";;"0002FAB0"
2;"2D498";"給湯室だ";;"0002FAB8"
2;"2D4B0";"指名手配のポスターだ";;"0002FAC0"
2;"2D4D0";"メニューが貼られている";;"0002FAC8"
2;"2D4F0";"高級なワインが並んでいる";;"0002FAD0"
2;"2D510";"男性用の衣装を着たマネキンだ";;"0002FAD8"
2;"2D530";"女性用の衣装を着たマネキンだ";;"0002FAE0"
2;"2D550";"更衣室だ";;"0002FAE8"
2;"2D560";"色々な服が並べられている";;"0002FAF0"
2;"2D580";"色々な服が並べられている";;"0002FAF8"
2;"2D5A0";"色々な服が並べられている";;"0002FB00"
2;"2D5C0";"色とりどりの化粧品が並べられている";;"0002FB08"
2;"2D5F0";"高級なネクタイのようだ";;"0002FB10"
2;"2D610";"色々な帽子がキレイに飾られている";;"0002FB18"
2;"2D640";"紳士用の靴が並んでいる";;"0002FB20"
2;"2D660";"婦人用の靴が並んでいる";;"0002FB28"
2;"2D680";"婦人用の靴が並んでいる";;"0002FB30"
2;"2D6A0";"パチパラビルの案内板だ
高級ブランド品・料理店の店舗があるようだ";;"0002FB38"
2;"2D6E0";"巨大な竜の置物だ";;"0002FB40"
2;"2D700";"ショーケースの中に料理見本が陳列されている";;"0002FB48"
2;"2D730";"メニューだ
高級な料理がたくさん載っている";;"0002FB50"
2;"2D760";"高価な壷のようだ";;"0002FB58"
2;"2D780";"高価な壷のようだ";;"0002FB60"
2;"2D798";"出玉大通り公園";;"0002FB68"
2;"2D7B0";"建築計画のお知らせの看板だ";;"0002FB70"
2;"2D7D0";"＜ただいま清掃中＞
…今は中に入れないようだ";;"0002FB78"
3;"2FB80";"ちょっとあんた";;"000339E8"
3;"2FB90";"…支配人がお呼びだ　来てもらおうか";;"000339F0"
3;"2FBC0";"手荒いマネして悪かったね$nシルバームーンの支配人、西川よ　よろしく";;"000339F8"
3;"2FC10";"…あんた　岩田って男を$n捜しているようだけど…";;"00033A00"
3;"2FC40";"あれだね
「女豹」の静香に関係がある話だろ？";;"00033A08"
3;"2FC70";"なにっ！？　なぜそれを知っている！？";;"00033A10"
3;"2FCA0";"そうだ　さすが地下パチンコの支配人…";;"00033A18"
3;"2FCD0";"まあ　そんなところだ";;"00033A20"
3;"2FCF0";"ま、まさか俺の心が読めるのか？";;"00033A28"
3;"2FD10";"…どうしてそれを？";;"00033A30"
3;"2FD30";"そのとおりよ　さすがね";;"00033A38"
3;"2FD50";"…まあ　そんなところかしら";;"00033A40"
3;"2FD70";"…！　私の心が読めるの？";;"00033A48"
3;"2FD90";"なにっ！？　なぜそれを知っている！？";;"00033A50"
3;"2FDC0";"そうだ　さすが地下パチンコの支配人…";;"00033A58"
3;"2FDF0";"…まあ　そんなところだ";;"00033A60"
3;"2FE10";"なっ！　ま、まさか俺の心が読めるのか？";;"00033A68"
3;"2FE40";"…どうしてそれを？";;"00033A70"
3;"2FE60";"さすがね　地下パチプロの支配人
そのとおりよ";;"00033A78"
3;"2FE90";"…まあ　そんなところかしら";;"00033A80"
3;"2FEB0";"…！　私の心が読めるの？";;"00033A88"
3;"2FED0";"裏の世界の話なら$nなんだって耳に入ってくるのさ";;"00033A90"
3;"2FF00";"…さて　本題に入ろうか";;"00033A98"
3;"2FF20";"岩田のことをかぎまわるのを$n止めてくれないか";;"00033AA0"
3;"2FF50";"この店じゃあ、あの男のことはタブーでね$nお客が来なくなっちまう";;"00033AA8"
3;"2FF90";"その代わり私が岩田のことを教えよう$nただ…";;"00033AB0"
3;"2FFC0";"ここは地下パチンコ店、シルバームーンだ$n欲しいものはパチンコで手に入れてもらうよ";;"00033AB8"
3;"30020";"…面白そうだな　そうしよう";;"00033AC0"
3;"30040";"仕方ないな　遊びに付き合ってやるよ";;"00033AC8"
3;"30070";"面白そうね　腕が鳴るわ";;"00033AD0"
3;"30090";"しょうがないわね
遊びに付き合ってあげるわ";;"00033AD8"
3;"300C0";"…面白そうだな！　そうしよう";;"00033AE0"
3;"300E0";"面白そうね　腕が鳴るわ";;"00033AE8"
3;"30100";"フフフ$nパチンコ好きはそうでなくちゃあね";;"00033AF0"
3;"30130";"仕方ないな　遊びに付き合ってやるよ";;"00033AF8"
3;"30160";"しょうがないわね
遊びに付き合ってあげるわ";;"00033B00"
3;"30190";"フフフ…　決まりだね";;"00033B08"
3;"301B0";"それじゃあ　景品カウンターに$n「$ci岩田の情報$cr」を並べておくよ";;"00033B10"
3;"30200";"それを獲ったら$n岩田の情報を教えてあげよう";;"00033B18"
3;"30230";"うっ！";;"00033B20"
3;"30240";"$puさん！　大丈夫ですか！";;"00033B28"
3;"30260";"う…";;"00033B30"
3;"30270";"（う…　うん…）";;"00033B38"
3;"30288";"ああ、大丈夫だ";;"00033B40"
3;"302A0";"紀子…　無事だったのか…";;"00033B48"
3;"302C0";"紀子…　俺はもうだめだ…";;"00033B50"
3;"302E0";"…おまえの忠告を守っておくんだったよ";;"00033B58"
3;"30310";"いたた…　うん大丈夫";;"00033B60"
3;"30330";"紀子…　無事だったのね…";;"00033B68"
3;"30350";"紀子…　私はもうだめ　さよなら…";;"00033B70"
3;"30380";"…あなたの忠告を守っておくんだったわ";;"00033B78"
3;"303A8";"ああ、大丈夫だ";;"00033B80"
3;"303C0";"いたた…　うん大丈夫";;"00033B88"
3;"303E0";"…そうですか　よかった…";;"00033B90"
3;"30400";"紀子…　無事だったのか…";;"00033B98"
3;"30420";"あなた…　無事だったのね…";;"00033BA0"
3;"30440";"私は大丈夫です";;"00033BA8"
3;"30450";"紀子…　俺はもうだめだ…";;"00033BB0"
3;"30470";"ああ…　もうだめ　さよなら…";;"00033BB8"
3;"30490";"えっ！　そんなこと言わないでください…！";;"00033BC0"
3;"304C0";"紀子…　おまえの忠告を守っておくんだったよ";;"00033BC8"
3;"304F0";"こんな事ならあなたの忠告を
守っておくんだったわ";;"00033BD0"
3;"30520";"ん…！？　$n持ち物がいくつかなくなっている…！";;"00033BD8"
3;"30550";"うん？　持ち物が…　いくつかなくなってる…！";;"00033BE0"
3;"30580";"とにかく帰りましょう$n傷の手当てをしないと…";;"00033BE8"
3;"305B0";"$puさん！";;"00033BF0"
3;"305C0";"持ち物などから、どうやら$n例の「$ci岩田$cr」に間違いないようであります";;"00033BF8"
3;"30610";"手にはパチンコ玉が「ふたつ」です$nまた「銀玉仮面の仕業」…　ですね";;"00033C00"
3;"30660";"せっかく正体を突き止めてもらったのだが…$n申し訳ない";;"00033C08"
3;"306A0";"でもこれで、$n榎本さんも出てこれるのではないですか？";;"00033C10"
3;"306D8";"うむ…";;"00033C18"
3;"306E0";"警部！　こっちにも死体が！$nどうやら$ci寿司屋の榎本さん$crのようです！";;"00033C20"
3;"30730";"えの鮨の女将さんに確認してもらいました$n本人に間違いないようです";;"00033C28"
3;"30780";"ただ…　ひとつ妙なところが…";;"00033C30"
3;"307A0";"妙なところ？";;"00033C38"
3;"307B0";"妙なところって何？";;"00033C40"
3;"307D0";"榎本さんの死体にも、銀玉が$ci２個$cr
握らされていたんです…！";;"00033C48"
3;"30810";"$ci岩田$crの手にも$ci２個$crの銀玉、
$ci榎本さん$crの手にも$ci２個$crの銀玉…";;"00033C50"
3;"30860";"「銀玉仮面の仕業」としては…$n確かに妙だな";;"00033C58"
3;"30890";"妙だ…　と同意する";;"00033C60"
3;"308B0";"なぜそれが妙なんだ？　と質問する";;"00033C68"
3;"308E0";"だまって聞いている";;"00033C70"
3;"30900";"妙ね…　と同意する";;"00033C78"
3;"30920";"なぜそれが妙なの？　と質問する";;"00033C80"
3;"30940";"確かに　妙だ…";;"00033C88"
3;"30950";"確かに　妙ね…";;"00033C90"
3;"30960";"どうしてそれが妙なんだ？ ";;"00033C98"
3;"30980";"ねえ、どうしてそれが妙なの？ ";;"00033CA0"
3;"309A0";"銀玉は最初のパチンコ屋の殺人で$ci５個$cr$n柳田さんの時が$ci４個$cr…";;"00033CA8"
3;"309F0";"静香の時が$ci３個$cr　ここまで$n銀玉はひとつずつ減っています";;"00033CB0"
3;"30A30";"それが今回は「$ciふたりとも２個$cr」です$n本来ならどちらかが「$ci１個$cr」のはず…";;"00033CB8"
3;"30A90";"…まあ、銀玉仮面の仕業なら$nと言う話だがね";;"00033CC0"
3;"30AC0";"それと…　現場の状況から、$n榎本さんを殺したのは岩田のようです";;"00033CC8"
3;"30B00";"榎本さんの右手に岩田の$ci背広のカフス$crが$n握られていました";;"00033CD0"
3;"30B40";"カフスは静香の部屋で発見されたのと同じ、$n外国製の物です";;"00033CD8"
3;"30B80";"それと…　榎本さんの着衣に$n岩田と同じ血液型の血痕がありました";;"00033CE0"
3;"30BC0";"ふたりは榎本殺害現場周辺で格闘した形跡が$nあります　その時のものと思われます";;"00033CE8"
3;"30C10";"榎本を殺害したのは岩田だ　という疑いが
極めて強いということだ";;"00033CF0"
3;"30C50";"しかし、です$nひとつ矛盾があるんです";;"00033CF8"
3;"30C78";"矛盾？";;"00033D00"
3;"30C80";"矛盾って？";;"00033D08"
3;"30C90";"榎本の死亡推定時刻は$n$ci１０時から１０時３０分の間$cr…";;"00033D10"
3;"30CD0";"岩田の死亡推定時刻が$n$ci８時３０分から９時の間$cr…";;"00033D18"
3;"30D08";"と言うことは…";;"00033D20"
3;"30D18";"と言うことは…";;"00033D28"
3;"30D30";"榎本より先に岩田が死んでいる…？";;"00033D30"
3;"30D60";"…どういうことだ？";;"00033D38"
3;"30D80";"…どういうこと？";;"00033D40"
3;"30DA0";"と言うことは…$n榎本より先に岩田が死んでいる…？";;"00033D48"
3;"30DE0";"と言うことは…　榎本さんより
岩田の方が先に死んでいる…？";;"00033D50"
3;"30E20";"そう　岩田は死んでから$n榎本を殺したことになる";;"00033D58"
3;"30E50";"と言うことは…$n…どういうことだ？";;"00033D60"
3;"30E80";"と言うことは…
…どういうこと？";;"00033D68"
3;"30EA0";"つまり、殺された榎本より先に、$n岩田が死んでいる　ということだ";;"00033D70"
3;"30EE0";"ホステス　ジュリ";;"00033D78"
3;"30F00";"あら、せっかちなお客様
まだ開店前ですよ";;"00033D80"
3;"30F30";"ホステス　ジュリ";;"00033D88"
3;"30F50";"あら？　見ない顔ね
新人の娘？";;"00033D90"
3;"30F70";"ホステス　ジュリ";;"00033D98"
3;"30F90";"あら？　またあなたね";;"00033DA0"
3;"30FB0";"ホステス静香について聞く";;"00033DA8"
3;"30FD0";"営業時間について聞く";;"00033DB0"
3;"30FE8";"出直してきます";;"00033DB8"
3;"30FF8";"$p";;"00033DC0"
3;"31000";"ここで働いていた、静香って
ホステスのことを聞きたいんだが…";;"00033DC8"
3;"31040";"$p";;"00033DD0"
3;"31050";"ここで働いていた、
静香っていう人のことを聞きたいんだけど…";;"00033DD8"
3;"31090";"ホステス　ジュリ";;"00033DE0"
3;"310B0";"なあんだ　あなた警察の方？
それとも私立探偵かなにか？";;"00033DE8"
3;"310E8";"ホステス　志乃";;"00033DF0"
3;"31100";"話してもいいけど、
あまり彼女のこと知らないのよね";;"00033DF8"
3;"31138";"ホステス　麻美";;"00033E00"
3;"31150";"きっと店の女の子みんなそうよ";;"00033E08"
3;"31170";"静香の性格について聞く";;"00033E10"
3;"31190";"静香の交友関係について聞く";;"00033E18"
3;"311B0";"静香の仕事ぶりについて聞く";;"00033E20"
3;"311D0";"直美について聞く";;"00033E28"
3;"311F0";"静香の客について聞く";;"00033E30"
3;"31210";"聞きたいことはない";;"00033E38"
3;"31230";"榎本について聞く";;"00033E40"
3;"31248";"$p";;"00033E48"
3;"31250";"彼女はどんな性格だった？";;"00033E50"
3;"31270";"ホステス　ジュリ";;"00033E58"
3;"31290";"おとなしい娘だったわよ　でも何ていうか
少し怯えているような感じはあったわね";;"00033E60"
3;"312E0";"ホステス　志乃";;"00033E68"
3;"312F0";"そう？　私はあの人苦手だったわ　自分の
お客様に挨拶しただけでにらむし…";;"00033E70"
3;"31338";"ホステス　麻美";;"00033E78"
3;"31350";"そうね　Ｎｏ．１じゃなくなってからは
なんだか焦っているふうには見えたわね";;"00033E80"
3;"313A0";"$p";;"00033E88"
3;"313B0";"彼女と親しい人は？";;"00033E90"
3;"313D0";"ホステス　ジュリ";;"00033E98"
3;"313F0";"誰かしらね…　彼女が店の女の子と
話をしているのも見たことないから…";;"00033EA0"
3;"31438";"ホステス　志乃";;"00033EA8"
3;"31450";"あ、でも
$ci直美$crと話してるのは見たことあるわよ？";;"00033EB0"
3;"31488";"ホステス　麻美";;"00033EB8"
3;"314A0";"そうそう！　静香さん
直美に目をかけてたみたいよ";;"00033EC0"
3;"314D0";"$p";;"00033EC8"
3;"314E0";"彼女の仕事ぶりは？";;"00033ED0"
3;"31500";"ホステス　ジュリ";;"00033ED8"
3;"31520";"すごくまじめで、接客も丁寧で…";;"00033EE0"
3;"31540";"ホステス　志乃";;"00033EE8"
3;"31550";"そこはさすが元Ｎｏ．１よね
でも最近は指名するお客様も少なくなって…";;"00033EF0"
3;"31598";"ホステス　麻美";;"00033EF8"
3;"315B0";"そうね　一人か二人くらい
だったんじゃないかしら…";;"00033F00"
3;"315E8";"$p";;"00033F08"
3;"315F0";"直美っていうのは？";;"00033F10"
3;"31608";"$p";;"00033F18"
3;"31610";"直美さんていうのは？";;"00033F20"
3;"31630";"ホステス　ジュリ";;"00033F28"
3;"31650";"最近入った新人の娘よ";;"00033F30"
3;"31668";"ホステス　志乃";;"00033F38"
3;"31680";"まだ慣れてなくてちょっと田舎臭いけど、
可愛い子よ　あなた指名してあげたら？";;"00033F40"
3;"316D0";"ホステス　麻美";;"00033F48"
3;"316E0";"今はまだ出勤していないけど…
夜には店にいると思うわ";;"00033F50"
3;"31718";"$p";;"00033F58"
3;"31720";"彼女を指名していた客っていうのは？";;"00033F60"
3;"31750";"ホステス　ジュリ";;"00033F68"
3;"31770";"一人はあの人でしょう
お寿司屋さんの$ci榎本$crさん";;"00033F70"
3;"317A8";"ホステス　志乃";;"00033F78"
3;"317C0";"あとあの…　眼鏡の…！";;"00033F80"
3;"317D8";"ホステス　麻美";;"00033F88"
3;"317F0";"名前までは分からないなあ…";;"00033F90"
3;"31810";"$p";;"00033F98"
3;"31820";"この店はいつ開くんだい？";;"00033FA0"
3;"31840";"$p";;"00033FA8"
3;"31850";"この店はいつ開くの？";;"00033FB0"
3;"31868";"ホステス　志乃";;"00033FB8"
3;"31880";"夜になったら開きますよ";;"00033FC0"
3;"31898";"$p";;"00033FC8"
3;"318A0";"最近の榎本って　どんな感じ？";;"00033FD0"
3;"318C0";"$p";;"00033FD8"
3;"318D0";"最近の榎本さんは　どんな感じなの？";;"00033FE0"
3;"31900";"ホステス　ジュリ";;"00033FE8"
3;"31920";"そういえば榎本さんって
最近あまりお店に来ないわねぇ…";;"00033FF0"
3;"31958";"ホステス　志乃";;"00033FF8"
3;"31970";"あれじゃないの？
ここでなく外で会っているとか…";;"00034000"
3;"319A0";"ホステス　麻美";;"00034008"
3;"319B0";"榎本さんって大海町のお寿司屋さんでしょ？
あなた直接行って聞いてみたらどう？";;"00034010"
3;"31A00";"$p";;"00034018"
3;"31A10";"大海町の寿司屋に行ってきたけど
榎本はいなくなったって言っていたけど";;"00034020"
3;"31A58";"$p";;"00034028"
3;"31A60";"大海町の寿司屋に行ってきたけど
榎本さんはいなくなったって言っていたけど";;"00034030"
3;"31AB0";"ホステス　ジュリ";;"00034038"
3;"31AD0";"えっ？　本当に？";;"00034040"
3;"31AE8";"ホステス　志乃";;"00034048"
3;"31B00";"いなくなったってどういうこと？";;"00034050"
3;"31B20";"ホステス　麻美";;"00034058"
3;"31B30";"他に静香さんと親しい人って誰かいたかしら？";;"00034060"
3;"31B60";"ボーイ";;"00034068"
3;"31B70";"いらっしゃいませ";;"00034070"
3;"31B88";"ボーイ";;"00034078"
3;"31B90";"いらっしゃいませ　どうぞ
女性のお客様でも歓迎いたしますよ";;"00034080"
3;"31BD0";"ボーイ";;"00034088"
3;"31BE0";"お客様、ご指名はございますか？";;"00034090"
3;"31C00";"静香";;"00034098"
3;"31C08";"ジュリ";;"000340A0"
3;"31C10";"志乃";;"000340A8"
3;"31C18";"麻美";;"000340B0"
3;"31C20";"直美";;"000340B8"
3;"31C28";"指名はない";;"000340C0"
3;"31C40";"やっぱり帰ります";;"000340C8"
3;"31C60";"ホステス　ジュリ";;"000340D0"
3;"31C80";"何をお飲みになりますか？";;"000340D8"
3;"31CA0";"ホステス　志乃";;"000340E0"
3;"31CB0";"何をお飲みになりますか？";;"000340E8"
3;"31CD0";"ホステス　麻美";;"000340F0"
3;"31CE0";"何をお飲みになりますか？";;"000340F8"
3;"31D00";"$p";;"00034100"
3;"31D10";"静香って娘はいるかな？";;"00034108"
3;"31D28";"$p";;"00034110"
3;"31D30";"静香さんって人はいる？";;"00034118"
3;"31D48";"ボーイ";;"00034120"
3;"31D50";"申し訳ありません
静香は先日辞めてしまいまして…";;"00034128"
3;"31D80";"ボーイ";;"00034130"
3;"31D90";"申し訳ありません
静香はもう１年以上前に辞めてしまいまして…";;"00034138"
3;"31DD0";"$p";;"00034140"
3;"31DE0";"ジュリちゃん　いるかな？";;"00034148"
3;"31E00";"$p";;"00034150"
3;"31E10";"志乃ちゃん　いるかな？";;"00034158"
3;"31E28";"$p";;"00034160"
3;"31E30";"麻美ちゃん　いるかな？";;"00034168"
3;"31E48";"$p";;"00034170"
3;"31E50";"直美ちゃん　いるかな？";;"00034178"
3;"31E68";"$p";;"00034180"
3;"31E70";"ジュリさん　いますか？";;"00034188"
3;"31E88";"$p";;"00034190"
3;"31E90";"志乃さん　いますか？";;"00034198"
3;"31EA8";"$p";;"000341A0"
3;"31EB0";"麻美さん　いますか？";;"000341A8"
3;"31EC8";"$p";;"000341B0"
3;"31ED0";"直美さん　いますか？";;"000341B8"
3;"31EE8";"$p";;"000341C0"
3;"31EF0";"はい　それではお席にご案内いたします";;"000341C8"
3;"31F18";"ホステス　直美";;"000341D0"
3;"31F30";"いらっしゃいませ";;"000341D8"
3;"31F48";"ホステス　直美";;"000341E0"
3;"31F60";"はじめまして　直美です
よろしくお願いします";;"000341E8"
3;"31F90";"ホステス　直美";;"000341F0"
3;"31FA0";"あら？　またあなたね";;"000341F8"
3;"31FB8";"ホステス　直美";;"00034200"
3;"31FD0";"何かお飲みになりますか？";;"00034208"
3;"31FF0";"静香のことを聞く";;"00034210"
3;"32010";"直美のことを聞く";;"00034218"
3;"32030";"飲み物を注文する";;"00034220"
3;"32048";"もう帰る";;"00034228"
3;"32058";"$p";;"00034230"
3;"32060";"君のことについて聞きたいんだけど…";;"00034238"
3;"32088";"$p";;"00034240"
3;"32090";"ねえ、あなたのことについて
聞きたいんだけど…";;"00034248"
3;"320C0";"ホステス　直美";;"00034250"
3;"320D0";"わたしはまだ新人のホステス
だからまだ仲のいい人は少ないんだ…";;"00034258"
3;"32110";"$p";;"00034260"
3;"32120";"君はこの店の「静香」という女を知ってるか？";;"00034268"
3;"32150";"$p";;"00034270"
3;"32160";"ねえ、この店の
「静香」って人のこと知ってる？";;"00034278"
3;"32190";"ホステス　直美";;"00034280"
3;"321A0";"静香さん…？　はい　知ってますけど…
お客様、静香さんをご指名だったんですか？";;"00034288"
3;"321F0";"最近彼女見ないけど、どうしたの？と聞く";;"00034290"
3;"32220";"いや　指名したことはない";;"00034298"
3;"32240";"指名って何？";;"000342A0"
3;"32250";"ホステス　直美";;"000342A8"
3;"32260";"それならあまり詳しくお話しても…";;"000342B0"
3;"32288";"ホステス　直美";;"000342B8"
3;"322A0";"あなた、指名って知らないの？
簡単に言うと、お気に入りってこと";;"000342C0"
3;"322E0";"$p";;"000342C8"
3;"322F0";"ああ　最近彼女、店にいないみたいだけど
どうしたの？";;"000342D0"
3;"32328";"$p";;"000342D8"
3;"32330";"うん　最近彼女見ないから
どうしたのかなって";;"000342E0"
3;"32360";"ホステス　直美";;"000342E8"
3;"32370";"えっ　あの…";;"000342F0"
3;"32380";"ホステス　直美";;"000342F8"
3;"32390";"し、静香さん　お店を辞めてしまって…
もういないんです";;"00034300"
3;"323D0";"そうなんだ　残念だな　と言う";;"00034308"
3;"323F0";"そうなんだ　残念　と言う";;"00034310"
3;"32410";"俺は事件に巻き込まれたって聞いたけど…と言う";;"00034318"
3;"32440";"私は事件に巻き込まれたって聞いたけど…と言う";;"00034320"
3;"32470";"$p";;"00034328"
3;"32480";"ああ　そうなんだ　残念だな";;"00034330"
3;"324A0";"$p";;"00034338"
3;"324B0";"そうなんだ　残念";;"00034340"
3;"324C8";"ホステス　直美";;"00034348"
3;"324E0";"そ、そうですね…";;"00034350"
3;"324F8";"$p";;"00034358"
3;"32500";"俺は事件に巻き込まれたって聞いたけど…？";;"00034360"
3;"32530";"$p";;"00034368"
3;"32540";"ふうん　私は事件に巻き込まれたって
聞いたけど？";;"00034370"
3;"32570";"ホステス　直美";;"00034378"
3;"32580";"えっ！　お客様…　警察の方か何か…？";;"00034380"
3;"325B0";"静香のことを調べている警察の者";;"00034388"
3;"325D0";"静香のことを調べている私立探偵";;"00034390"
3;"325F0";"静香のことを調べているパチプロ";;"00034398"
3;"32610";"静香のことを調べている会社員";;"000343A0"
3;"32630";"静香のことを調べているＯＬ";;"000343A8"
3;"32650";"静香のことを調べている無職";;"000343B0"
3;"32670";"$p";;"000343B8"
3;"32680";"ああ、静香のことを調べている警察の者だ";;"000343C0"
3;"326A8";"$p";;"000343C8"
3;"326B0";"そうなの
静香さんのことを調べている警察の者よ";;"000343D0"
3;"326E0";"ホステス　直美";;"000343D8"
3;"326F0";"は、はい…";;"000343E0"
3;"32700";"$p";;"000343E8"
3;"32710";"いや、静香のことを調べている私立探偵さ";;"000343F0"
3;"32738";"$p";;"000343F8"
3;"32740";"ううん　静香さんのことを調べている
私立探偵よ";;"00034400"
3;"32770";"ホステス　直美";;"00034408"
3;"32780";"し、私立探偵…";;"00034410"
3;"32790";"$p";;"00034418"
3;"327A0";"ちょっとワケがあってね
静香のことを調べているパチプロだ";;"00034420"
3;"327D8";"$p";;"00034428"
3;"327E0";"ちょっとワケがあってね
静香さんのことを調べてるパチプロよ";;"00034430"
3;"32820";"ホステス　直美";;"00034438"
3;"32830";"わ、ワケあり…？　パチプロ…？";;"00034440"
3;"32850";"$p";;"00034448"
3;"32860";"ちょっとワケがあってね
静香のことを調べている会社員だ";;"00034450"
3;"32898";"$p";;"00034458"
3;"328A0";"ちょっとワケがあってね
ＯＬなんだけど静香さんのことを調べているの";;"00034460"
3;"328E8";"ホステス　直美";;"00034468"
3;"32900";"わ、ワケあり…　会社員…？";;"00034470"
3;"32920";"ホステス　直美";;"00034478"
3;"32930";"わ、ワケありＯＬ…？";;"00034480"
3;"32948";"$p";;"00034488"
3;"32950";"ちょっとワケがあってね
静香のことを調べている無職の男だ";;"00034490"
3;"32988";"$p";;"00034498"
3;"32990";"ちょっとワケがあってね
静香のことを調べている無職の女よ";;"000344A0"
3;"329C8";"ホステス　直美";;"000344A8"
3;"329E0";"わ、ワケあり…　ですか…？";;"000344B0"
3;"32A00";"ホステス　直美";;"000344B8"
3;"32A10";"静香さん…
私にはよく話しかけてくれてたわ…";;"000344C0"
3;"32A40";"ホステス　直美";;"000344C8"
3;"32A50";"たぶん…　静香さんと私は
境遇が似てるからだと思うけど…";;"000344D0"
3;"32A90";"ふたりの境遇について聞く";;"000344D8"
3;"32AB0";"寿司屋の榎本について聞く";;"000344E0"
3;"32AD0";"眼鏡をかけた人について聞く";;"000344E8"
3;"32AF0";"岩田について聞く";;"000344F0"
3;"32B10";"静香について気づいたことを聞く";;"000344F8"
3;"32B30";"シルバームーンについて聞く";;"00034500"
3;"32B50";"飲み物を注文する";;"00034508"
3;"32B68";"もう帰る";;"00034510"
3;"32B78";"$p";;"00034518"
3;"32B80";"その境遇って言うのは…？";;"00034520"
3;"32BA0";"ホステス　直美";;"00034528"
3;"32BB0";"私と静香さん、
パチパラ町の生まれなんですよ";;"00034530"
3;"32BE0";"ホステス　直美";;"00034538"
3;"32BF0";"静香さんはパチパラ町出身なのを
言いたくないみたいでしたけど";;"00034540"
3;"32C30";"$p";;"00034548"
3;"32C40";"静香を指名していた
寿司屋の榎本って？";;"00034550"
3;"32C68";"$p";;"00034558"
3;"32C70";"静香さんを指名していた
寿司屋の榎本さんって？";;"00034560"
3;"32CA0";"ホステス　直美";;"00034568"
3;"32CB0";"寿司屋の榎本さんは、
いかにも人のよさそうな人ですよ";;"00034570"
3;"32CE8";"ホステス　直美";;"00034578"
3;"32D00";"でも花札がすごく好きで、静香さんも朝まで
付き合わされてたみたいですよ";;"00034580"
3;"32D48";"$p";;"00034588"
3;"32D50";"静香を指名していた
眼鏡をかけた人って？";;"00034590"
3;"32D78";"$p";;"00034598"
3;"32D80";"静香さんを指名していた
眼鏡をかけた人って？";;"000345A0"
3;"32DB0";"ホステス　直美";;"000345A8"
3;"32DC0";"眼鏡をかけた人…？";;"000345B0"
3;"32DD8";"ホステス　直美";;"000345B8"
3;"32DF0";"あっ　それってもしかして…
$ci岩田$crさんのことかな？";;"000345C0"
3;"32E28";"ホステス　直美";;"000345C8"
3;"32E40";"たぶん$ci岩田$crさんのことだと思うけど…";;"000345D0"
3;"32E70";"$p";;"000345D8"
3;"32E78";"岩田って？";;"000345E0"
3;"32E88";"$p";;"000345E8"
3;"32E90";"岩田さんって？";;"000345F0"
3;"32EA0";"ホステス　直美";;"000345F8"
3;"32EB0";"岩田さん…　つい最近お店に来たのよ
そのときは私を指名してくれたの";;"00034600"
3;"32EF8";"ホステス　直美";;"00034608"
3;"32F10";"目つきの鋭い人で…
…正直私の苦手なタイプの人";;"00034610"
3;"32F40";"$p";;"00034618"
3;"32F50";"他に静香のことで何か知らないか？";;"00034620"
3;"32F78";"$p";;"00034628"
3;"32F80";"静香さんのことで、他に何か知らない？";;"00034630"
3;"32FA8";"ホステス　直美";;"00034638"
3;"32FC0";"…そういえば静香さん、シルバームーンから
よく電話がかかってきてたわ";;"00034640"
3;"33008";"$p";;"00034648"
3;"33010";"シルバームーンって？";;"00034650"
3;"33028";"ホステス　直美";;"00034658"
3;"33040";"この町のどこかにある、
非合法のパチンコ屋さんだって話よ";;"00034660"
3;"33078";"ホステス　直美";;"00034668"
3;"33090";"私はどこにあるか知らないんだけど…
ウワサによるとスゴイ場所らしいわよ";;"00034670"
3;"330E0";"こんばんは、$puさん";;"00034678"
3;"33100";"こんばんはと、挨拶を返す";;"00034680"
3;"33120";"待たせてゴメンと、とりあえず言う";;"00034688"
3;"33150";"遅いじゃないかと、綾を責めてみる";;"00034690"
3;"33180";"今日はおごりだよね？　と念を押す";;"00034698"
3;"331B0";"こんばんは、綾さん";;"000346A0"
3;"331D0";"待たせてゴメン$n少し遅れちゃったかな";;"000346A8"
3;"33200";"大丈夫、私も今来たところなの";;"000346B0"
3;"33220";"遅いじゃないか！$nずいぶん待ったよ";;"000346B8"
3;"33250";"私、ずっとここに居たんだけど$n気が付かなかったの？";;"000346C0"
3;"33288";"……";;"000346C8"
3;"33290";"今日は本当におごりだよね？";;"000346D0"
3;"332B0";"ええ、そうよ$nこの間のお礼ですもの";;"000346D8"
3;"332E0";"お店はこの上よ$nさっそく行きましょうか";;"000346E0"
3;"33310";"あなた、このお店は初めて？";;"000346E8"
3;"33330";"前に来た事があると言う";;"000346F0"
3;"33350";"入った事はあるが、食べた事は無いと言う";;"000346F8"
3;"33378";"常連だよと言う";;"00034700"
3;"33388";"初めてだと言う";;"00034708"
3;"333A0";"いや、前に来た事があるよ";;"00034710"
3;"333C0";"あら、そうなの？$nびっくりさせようと思ったのに…";;"00034718"
3;"33400";"入った事はあるけど、食べた事はないな";;"00034720"
3;"33430";"ふふふ$nここはとても美味しいわよ";;"00034728"
3;"33460";"ここの常連さ$n中華にはうるさくてね";;"00034730"
3;"33490";"えっ？　本当に？$nあなたお金持ちなのね";;"00034738"
3;"334C0";"ああ、ここにくるのは初めてだ";;"00034740"
3;"334E0";"今日は遠慮しないで、たくさん食べてね";;"00034748"
3;"33508";"ところで…";;"00034750"
3;"33520";"あなたの服、とてもステキね$n似合っているわよ";;"00034758"
3;"33550";"あなたの服$nこの店にはどうかと思うけど";;"00034760"
3;"33580";"あなたにはとても似合っているわ";;"00034768"
3;"335A0";"あなたの服、すごいわ";;"00034770"
3;"335C0";"なかなか斬新なファッションセンスね";;"00034778"
3;"335F0";"あなたの服、涼しげね";;"00034780"
3;"33610";"私もそういう服にすれば$nよかったかしら";;"00034788"
3;"33640";"$puさん$nなに、その格好？";;"00034790"
3;"33660";"いくら涼しいからって…$nしょうがないわね、もう";;"00034798"
3;"33690";"実は、あなたが勝ったあのリョウジと言う男$nああ見えても、かなりの腕前なのよ";;"000347A0"
3;"336E0";"そのリョウジに勝つなんて…$nすごいわ";;"000347A8"
3;"33710";"いや、それほどでもないよと、謙遜する";;"000347B0"
3;"33740";"まあ当然の結果だねと、自慢げに言う";;"000347B8"
3;"33770";"いえいえ、単なる偶然ですと、卑屈に言う";;"000347C0"
3;"337A0";"そうかな？あまり覚えていないと、無関心を装う";;"000347C8"
3;"337D0";"いや、それほどでもないよ";;"000347D0"
3;"337F0";"でも、本当よ";;"000347D8"
3;"33800";"あなた$n自分の腕に、自信を持っていいと思うわ";;"000347E0"
3;"33830";"まあ、当然の結果だよ$nあの程度じゃ、物足りない";;"000347E8"
3;"33860";"さすがね";;"000347F0"
3;"33870";"自分の腕に、自信を持っているのね$nうらやましいわ…";;"000347F8"
3;"338B0";"いえいえ、あれは単なる偶然ですよ$n買いかぶらないでください";;"00034800"
3;"338F0";"でも、本当よ";;"00034808"
3;"33900";"あなた$n自分の腕に、自信を持っていいと思うわ";;"00034810"
3;"33930";"そうかな？　あまり覚えていないんだ";;"00034818"
3;"33958";"でも、本当よ";;"00034820"
3;"33970";"あなた$n自分の腕に、自信を持っていいと思うわ";;"00034828"
3;"339A0";"あなたと知り合えて、良かったわ";;"00034830"
3;"339C0";"これからも店に遊びに来てくださいね";;"00034838"
"_";"973B3";"Event_0301_PachiPro_Gyokusin_Lose
";;
"_";"973D6";"Event_0301_PachiPro_Gyokusin_Win
";;
"_";"973F8";"Event_0301_Futou_Event_Script：埠頭でのイベント
";;
"_";"97429";"Event_0301_Futou_Event_Script：埠頭でのイベントきっかけ
";;
"_";"97462";"寿司屋の大将殺害事件：すでに終了
";;
"_";"97484";"寿司屋の大将殺害事件：まだ発生しない
";;
"_";"974AA";"Event_0301_PACHI_Call_Boss_Script：裏パチンコ店：支配人に呼ばれる、終了
";;
"_";"974F3";"Event_0301_PACHI_Call_Boss_Script：裏パチンコ店：支配人に呼ばれるきっかけが立っていない、終了
";;
"_";"97552";"Event_0301_Club_Evening_Script：夜でなければ、終了
";;
"_";"97586";"Event_0301_Club_Evening_Script：クラブ女豹　室内ＢＯＸ
";;
"_";"975BE";"Talk_0301_04_WALK_PERSON_02
";;
"_";"975DB";"Talk_0301_04_WALK_PERSON_01
";;
"_";"975F8";"Talk_0301_03_WALK_PERSON_04
";;
"_";"97615";"Talk_0301_03_WALK_PERSON_03
";;
"_";"97632";"Talk_0301_03_WALK_PERSON_02
";;
"_";"9764F";"Talk_0301_03_WALK_PERSON_01
";;
"_";"9766C";"Talk_0301_02_WALK_PERSON_02
";;
"_";"97689";"Talk_0301_02_WALK_PERSON_01
";;
"_";"976A6";"Talk_0301_01_WALK_PERSON_02
";;
"_";"976C3";"Talk_0301_01_WALK_PERSON_01
";;
"_";"976E0";"Talk_0301_WHITE_MAN
";;
"_";"976F5";"Talk_0301_HINT_MAN_F
";;
"_";"9770B";"Talk_0301_HINT_MAN_E
";;
"_";"97721";"Talk_0301_HINT_MAN_D
";;
"_";"97737";"Talk_0301_HINT_MAN_C
";;
"_";"9774D";"Talk_0301_HINT_MAN_B
";;
"_";"97763";"Talk_0301_HINT_MAN_A
";;
"_";"97779";"Talk_0301_RIVER_COUPLE_WOMAN
";;
"_";"97797";"Talk_0301_RIVER_COUPLE_MAN
";;
"_";"977B3";"Talk_0301_RIVER_PRO_BOWLER
";;
"_";"977CF";"Talk_0301_PARK_MAN
";;
"_";"977E3";"Talk_0301_PARK_TURI_OJISAN
";;
"_";"977FF";"Event_0301_Pachi_Pro_Meet_Script
";;
"_";"97821";"Event_0301_Door_Pachi_Boss_Script
";;
"_";"97844";"Talk_0301_PACHI_TOKOYA_SON
";;
"_";"97860";"Talk_0301_PACHI_TENPURA_SON
";;
"_";"9787D";"Talk_0301_PACHI_PRO
";;
"_";"97892";"Event_Heroine_C_06_Bon_Battle_Return_Match_Lose
";;
"_";"978C3";"Talk_0301_PACHI_PURO_RYOUJI
";;
"_";"978E0";"Talk_0301_PACHI_LOUNGE_01
";;
"_";"978FB";"Talk_0301_PACHI_GIRL_04
";;
"_";"97914";"Talk_0301_PACHI_GIRL_03
";;
"_";"9792D";"Talk_0301_PACHI_GIRL_02
";;
"_";"97946";"Talk_0301_PACHI_GIRL_01
";;
"_";"9795F";"Talk_0301_PACHI_COUNTER
";;
"_";"97978";"Talk_0301_PACHI_DAI_06
";;
"_";"97990";"Talk_0301_PACHI_DAI_05
";;
"_";"979A8";"Talk_0301_PACHI_DAI_04
";;
"_";"979C0";"Talk_0301_PACHI_DAI_03
";;
"_";"979D8";"Talk_0301_PACHI_DAI_02
";;
"_";"979F0";"Talk_0301_PACHI_DAI_01
";;
"_";"97A08";"Talk_0301_PACHI_MAN_04
";;
"_";"97A20";"Talk_0301_PACHI_MAN_03";;
"_";"97A37";"Talk_0301_PACHI_MAN_02";;
"_";"97A4E";"Talk_0301_PACHI_MAN_01
";;
"_";"97A66";"Talk_0301_PACHI_BOSS
";;
"_";"97A7C";"Talk_0301_BILL_2F_CHINA_GUEST_H06
";;
"_";"97A9F";"Talk_0301_BILL_2F_CHINA_GUEST_H05
";;
"_";"97AC2";"Talk_0301_BILL_2F_CHINA_GUEST_H04
";;
"_";"97AE5";"Talk_0301_BILL_2F_CHINA_GUEST_H03
";;
"_";"97B08";"Talk_0301_BILL_2F_CHINA_GUEST_H02
";;
"_";"97B2B";"Talk_0301_BILL_2F_CHINA_GUEST_H01
";;
"_";"97B4E";"Talk_0301_BILL_2F_CHINA_GUEST_G02
";;
"_";"97B71";"Talk_0301_BILL_2F_CHINA_GUEST_G01
";;
"_";"97B94";"Talk_0301_BILL_2F_CHINA_GUEST_A02
";;
"_";"97BB7";"Talk_0301_BILL_2F_CHINA_GUEST_A01
";;
"_";"97BDA";"Talk_0301_BILL_2F_CHINA_ASAKURA
";;
"_";"97BFB";"Talk_0301_BILL_2F_CHINA_STAFF_02
";;
"_";"97C1D";"Talk_0301_BILL_2F_CHINA_STAFF_01
";;
"_";"97C3F";"Talk_0301_BILL_2F_CHINA_REGI
";;
"_";"97C5D";"Talk_0301_BLACK_MAN
";;
"_";"97C72";"Talk_0301_BILL_1F_HALL_COUNTER
";;
"_";"97C92";"Talk_0301_BILL_1F_SHOES_GUEST_04
";;
"_";"97CB4";"Talk_0301_BILL_1F_SHOES_GUEST_03
";;
"_";"97CD6";"Talk_0301_BILL_1F_SHOES_GUEST_02
";;
"_";"97CF8";"Talk_0301_BILL_1F_SHOES_GUEST_01
";;
"_";"97D1A";"Talk_0301_BILL_1F_SHOES_STAFF
";;
"_";"97D39";"Talk_0301_BILL_1F_SHOES_COUNTER
";;
"_";"97D5A";"Talk_0301_BILL_1F_CLOTH_GUEST_03
";;
"_";"97D7C";"Talk_0301_BILL_1F_CLOTH_GUEST_02
";;
"_";"97D9E";"Talk_0301_BILL_1F_CLOTH_GUEST_01
";;
"_";"97DC0";"Talk_0301_BILL_1F_CLOTH_STAFF
";;
"_";"97DDF";"Talk_0301_BILL_1F_CLOTH_COUNTER
";;
"_";"97E00";"Talk_0301_APART_C_GUEST_02
";;
"_";"97E1C";"Talk_0301_APART_C_GUEST_01
";;
"_";"97E38";"Talk_0301_FUTOU_WORKER_02
";;
"_";"97E53";"Talk_0301_FUTOU_WORKER_01
";;
"_";"97E6E";"Talk_0301_CLUB_VIP_4
";;
"_";"97E84";"Talk_0301_CLUB_VIP
";;
"_";"97E98";"Talk_0301_CLUB_BOX_B
";;
"_";"97EAE";"Talk_0301_CLUB_BOX_A
";;
"_";"97EC4";"Talk_0301_CLUB_COUNTER_2
";;
"_";"97EDE";"Talk_0301_CLUB_COUNTER_1
";;
"_";"97EF8";"Talk_0301_CLUB_STAFF_1
";;
"_";"97F10";"Talk_0301_CLUB_GIRL_SINO
";;
"_";"97F2A";"Talk_0301_CLUB_GIRL_JURI
";;
"_";"97F44";"Talk_0301_CLUB_GIRL_MAMA
";;
"_";"97F5E";"Talk_0301_BEER_HOLE_STAND_MAN
";;
"_";"97F7D";"Talk_0301_BEER_HOLE_STAND
";;
"_";"97F98";"talk_0301_BEER_HOLE_BOX_F1
";;
"_";"97FB4";"talk_0301_BEER_HOLE_BOX_E2
";;
"_";"97FD0";"talk_0301_BEER_HOLE_BOX_E1
";;
"_";"97FEC";"talk_0301_BEER_HOLE_BOX_C2
";;
"_";"98008";"talk_0301_BEER_HOLE_BOX_C1
";;
"_";"98024";"talk_0301_BEER_HOLE_BOX_B4
";;
"_";"98040";"talk_0301_BEER_HOLE_BOX_B3
";;
"_";"9805C";"talk_0301_BEER_HOLE_BOX_B2
";;
"_";"98078";"talk_0301_BEER_HOLE_BOX_B1
";;
"_";"98094";"Talk_0301_BEER_HOLE_STAFF_04
";;
"_";"980B2";"Talk_0301_BEER_HOLE_STAFF_03
";;
"_";"980D0";"Talk_0301_BEER_HOLE_STAFF_02
";;
"_";"980EE";"Talk_0301_BEER_HOLE_STAFF_01
";;
"_";"9810C";"Talk_0301_BEER_HOLE_1F_GUEST_02
";;
"_";"9812D";"Talk_0301_BEER_HOLE_1F_GUEST_01
";;
"_";"9814E";"Talk_0301_BEER_HOLE_1F_COUNTER
";;
"_";"9816E";"Talk_0301_TENPURA_COUNTER_1
";;
"_";"9818B";"Talk_0301_TENPURA_SHEET_R1
";;
"_";"981A7";"Talk_0301_TENPURA_SON
";;
"_";"981BE";"Talk_0301_TENPURA_TAISYOU
";;
"_";"981D9";"Talk_0301_TENPURA_REGI
";;
"_";"981F1";"Talk_0301_DARTS_MANIA
";;
"_";"98208";"Talk_0301_SUKIYAKI_1F_GIRL
";;
"_";"98224";"Talk_0301_SUKIYAKI_2F_GIRL
";;
"_";"98240";"Talk_0301_SUKIYAKI_2F_SHEET_C1
";;
"_";"98260";"Talk_0301_SUKIYAKI_2F_SHEET_B4
";;
"_";"98280";"Talk_0301_SUKIYAKI_2F_SHEET_B3
";;
"_";"982A0";"Talk_0301_SUKIYAKI_1F_BOX_D2
";;
"_";"982BE";"Talk_0301_SUKIYAKI_1F_BOX_D1
";;
"_";"982DC";"Talk_0301_SUKIYAKI_1F_BOX_B4
";;
"_";"982FA";"Talk_0301_SUKIYAKI_1F_BOX_B3
";;
"_";"98318";"Talk_0301_SUKIYAKI_1F_BOX_B1
";;
"_";"98336";"Talk_0301_SUKIYAKI_1F_WAIT_2
";;
"_";"98354";"Talk_0301_SUKIYAKI_1F_WAIT_1
";;
"_";"98372";"Talk_0301_SUKIYAKI_REGI
";;
"_";"9838B";"Talk_0301_POLICE_KEIJI
";;
"_";"983A3";"Talk_0301_POLICE_MAN
";;
"_";"983B9";"Talk_0301_Test
";;
"_";"983C9";"００００
";;
"_";"983D3";"１１１１
";;
"_";"983DD";"２２２２
";;
"_";"983E7";"４４４４
";;
"_";"983F1";"３３３３
";;
"_";"983FB";"５５５５
";;
"_";"98405";"03-01ありえない台です
";;
"_";"9841C";"Event_0301_Futou_Script：埠頭の倉庫に入った
";;
"_";"98449";"埠頭でのイベントがあるので、終了
";;
"_";"9846B";"埠頭でのイベントが発生していたら終了
";;
"_";"98491";"Event_0301_Kouji_Genba_Script：工事現場に入った
";;
"_";"984C2";"Event_0301_Kouji_Genba_Script：夜でなければ、追い返される
";;
"_";"984FD";"DOOR_ID_EV_CLUB_1F
";;
"_";"98511";"DOOR_ID_EV_CLUB_B1F
";;
"_";"98526";"自動ドア開くＢＯＸに入った %d 
";;
"_";"98546";"自動ドア開くＢＯＸから出た %d 
";;
"_";"98566";"信号（歩行者用）：青
";;
"_";"9857C";"信号（歩行者用）：赤
";;
"_";"98592";"信号（車道用）：青
";;
"_";"985A6";"信号（車道用）：赤
";;
"_";"985BA";"Event_0301_Sound_Manager_In
";;
"_";"985D7";"Event_0301_Sound_Manager_Minato
";;
"_";"985F8";"Event_0301_Sound_Manager_Out
";;
"_";"98616";"Event_0301_Chr_Light_Group_Script
";;
"_";"98639";"Event_0301_Map_Change_0301W_Script
";;
"_";"9865D";"Event_0301_Map_Change_0301N_Script
";;
"_";"98681";"Event_0301_Map_Change_0301S_Script
";;
"_";"986A5";"Event_0301_Stop_03_Script
";;
"_";"986C0";"Event_0301_Stop_02_Script
";;
"_";"986DB";"Event_0301_Stop_01_Script
";;
"_";"986F6";"Event_0301_Start_From_0201_Script
";;
"_";"98719";"Event_0301_Start_From_0101_Script
";;
"_";"9873C";"Event_0301_Goto_Town_Script
";;
"_";"98759";"Event_0301_Goto_Minato_Script
";;
"_";"98778";"Event_0301_Goto_0201_Script
";;
"_";"98795";"Event_0301_Goto_0101_Script
";;
"_";"987B2";"Event_0301_Disp_H_Script：ブロックＨ（歩道橋と港の間）
";;
"_";"987EA";"Event_0301_Disp_G_Script：ブロックＧ（豪華ビル内部）
";;
"_";"98820";"Event_0301_Disp_F_Script：ブロックＦ（高級クラブ付近）
";;
"_";"98858";"Event_0301_Disp_E_Script：ブロックＥ（港付近）
";;
"_";"98888";"Event_0301_Disp_D_Script：ブロックＤ（港への交差点）
";;
"_";"988BE";"Event_0301_Disp_C_Script：ブロックＣ（歩道橋付近）
";;
"_";"988F2";"Event_0301_Disp_B_Script：ブロックＢ（高級マンション付近）
";;
"_";"9892E";"Event_0301_Disp_A_Script
";;
"_";"98948";"裏パチンコ店のキャラクター配置
";;
"_";"98968";"キャラ配置：パチプロ（玉心）
";;
"_";"98986";"天ぷら屋息子＋床屋息子
";;
"_";"9899E";"天ぷら屋息子（床屋の息子の登場前）
";;
"_";"989C2";"Load_A_Start_MapGroup_%d_%d_%d_%d
";;
"_";"989E5";"Load_A_End_MapGroup_%d_%d_%d_%d
";;
"_";"98A06";"合コン！
";;
